sourceFile,minTime,maxTime,mark,count,pos,concreteness
track01,0.02,0.30859,ALICE,198,NN,NA
track01,2.56454,2.95036,SISTER,2,NN,575
track01,3.17,3.50228,BANK,2,NN,573
track01,4.11,4.42,NOTHING,19,NN,NA
track01,6.56,6.83985,BOOK,5,NN,609
track01,6.9145,7.25,SISTER,2,NN,575
track01,8.36,8.90999,PICTURES,4,NNS,NA
track01,8.97,9.78124,CONVERSATIONS,2,NNS,NA
track01,10.71,10.98584,USE,11,NN,NA
track01,11.11489,11.36135,BOOK,5,NN,609
track01,11.36135,11.70056,THOUGHT,40,NN,274
track01,11.70056,12.01045,ALICE,198,NN,NA
track01,12.35424,12.78648,PICTURES,4,NNS,NA
track01,12.85153,13.68,CONVERSATIONS,2,NNS,NA
track01,15.60865,16.01174,MIND,9,NN,333
track01,17.8,17.98309,DAY,11,NN,477
track01,20.48,20.87948,PLEASURE,1,NN,302
track01,21.34,21.71804,DAISY,1,NN,613
track01,21.71804,21.95,CHAIN,1,NN,595
track01,22.5,22.8,TROUBLE,3,NN,310
track01,23.94,24.54594,DAISIES,1,NNS,NA
track01,25.77,26.08541,RABBIT,16,NN,635
track01,26.52824,26.82,EYES,14,NNS,NA
track01,28.21,28.50536,NOTHING,19,NN,NA
track01,30.26898,30.62832,ALICE,198,NN,NA
track01,32.07,32.27,WAY,38,NN,265
track01,32.62,32.95597,RABBIT,16,NN,635
track01,34.97,35.09908,I,256,NN,483
track01,36.507,36.74,THOUGHT,40,NN,274
track01,37.14,37.72039,AFTERWARDS,1,NNS,NA
track01,40.7,41.06282,TIME,39,NN,343
track01,42.88,43.21691,RABBIT,16,NN,635
track01,44.07197,44.56482,WATCH,7,NN,487
track01,44.97,45.27725,WAIST,2,NN,563
track01,45.27725,45.54877,COAT,2,NN,601
track01,45.54877,46.0384,POCKET,5,NN,578
track01,47.79686,48.03,ALICE,198,NN,NA
track01,48.5,48.85445,FEET,13,NNS,642
track01,49.77,50.21552,MIND,9,NN,333
track01,51.53966,51.87855,RABBIT,16,NN,635
track01,52.85,53.15937,WAIST,2,NN,563
track01,53.15937,53.35578,COAT,2,NN,601
track01,53.35578,53.82441,POCKET,5,NN,578
track01,54.03,54.35,WATCH,7,NN,487
track01,55.79055,56.46508,CURIOSITY,3,NN,303
track01,57.24487,57.54,FIELD,1,NN,NA
track01,58.89,59.1,TIME,39,NN,343
track01,60.48591,60.75608,RABBIT,16,NN,635
track01,60.75608,61.04726,HOLE,4,NN,485
track01,61.35579,61.76008,HEDGE,1,NN,615
track02,0.52353,0.89712,MOMENT,14,NN,301
track02,1.4811,1.78062,ALICE,198,NN,NA
track02,3.84709,4.14632,WORLD,5,NN,532
track02,5.70821,5.96996,RABBIT,16,NN,635
track02,5.96996,6.19618,HOLE,4,NN,485
track02,7.2,7.56208,TUNNEL,1,NN,555
track02,7.92135,8.16759,WAY,38,NN,265
track02,10.70452,11.0399,ALICE,198,NN,NA
track02,11.36,11.63817,MOMENT,14,NN,301
track02,20.55,20.82134,PLENTY,2,NN,NA
track02,20.93589,21.26382,TIME,39,NN,343
track02,29.47098,29.9,ANYTHING,11,NN,NA
track02,30.87484,31.2023,SIDES,3,NNS,NA
track02,33.00456,33.43815,CUPBOARDS,2,NNS,NA
track02,33.54669,34.11329,BOOKSHELVES,1,NNS,NA
track02,35.20708,35.57521,MAPS,1,NNS,NA
track02,35.64011,36.07964,PICTURES,4,NNS,NA
track02,36.52,36.94588,PEGS,1,NN,NA
track02,37.80506,38.1363,JAR,2,NN,595
track02,38.60228,38.98795,SHELVES,1,NNS,NA
track02,40.6377,40.99179,ORANGE,1,NN,601
track02,40.99179,41.56,MARMALADE,1,NN,NA
track02,41.9991,42.64542,DISAPPOINTMENT,1,NN,NA
track02,44.59,44.9729,JAR,2,NN,595
track02,45.08516,45.32723,FEAR,3,NN,326
track02,45.71852,46.09227,SOMEBODY,2,NN,NA
track02,48.29484,48.71914,CUPBOARDS,2,NNS,NA
track02,50.13,50.38334,THOUGHT,40,NN,274
track02,50.38334,50.64471,ALICE,198,NN,NA
track02,51.76394,52.13515,FALL,4,NN,409
track02,52.6305,52.72961,I,256,NN,483
track02,53.12,53.40765,NOTHING,19,NN,NA
track02,54.07314,54.60915,STAIRS,1,NNS,NA
track02,54.96531,55.26439,BRAVE,1,NN,NA
track02,56.10537,56.48,HOME,5,NN,539
track02,56.86,56.99634,I,256,NN,483
track02,57.38,57.66,ANYTHING,11,NN,NA
track02,58.43552,58.53744,I,256,NN,483
track02,59.03,59.27821,TOP,4,NN,435
track02,59.44222,59.91,HOUSE,15,NN,608
track03,2.22454,2.5293,FALL,4,NN,409
track03,3.37538,3.66655,END,8,NN,320
track03,4.10671,4.22196,I,256,NN,483
track03,4.80234,5.17752,MILES,2,NNS,NA
track03,5.99259,6.33842,TIME,39,NN,343
track03,7.38385,7.43,I,256,NN,483
track03,8.61051,8.98888,CENTRE,1,NN,NA
track03,9.23242,9.62807,EARTH,3,NN,580
track03,11.67323,12.01802,THOUSAND,1,NN,NA
track03,12.01802,12.39206,MILES,2,NNS,NA
track03,12.65458,12.76438,I,256,NN,483
track03,13.92689,14.26075,ALICE,198,NN,NA
track03,14.89811,15.1901,THINGS,19,NNS,NA
track03,15.45,15.64194,SORT,9,NN,NA
track03,15.87442,16.27566,LESSONS,7,NNS,NA
track03,16.43457,16.98,SCHOOLROOM,1,NN,NA
track03,18.48591,19.09,OPPORTUNITY,5,NN,306
track03,19.82,20.39,KNOWLEDGE,3,NN,278
track03,22.77561,23.2,PRACTICE,1,NN,NA
track03,24.40328,24.61628,THATS,2,NNS,NA
track03,25.11737,25.55554,DISTANCE,3,NN,353
track03,26.03551,26.14419,I,256,NN,483
track03,28.63344,28.9392,ALICE,198,NN,NA
track03,29.30714,29.69279,IDEA,9,NN,259
track03,32.32089,32.64696,THOUGHT,40,NN,274
track03,33.57398,33.92211,WORDS,12,NNS,NA
track03,36.50334,36.55394,I,256,NN,483
track03,36.94,37.07221,I,256,NN,483
track03,37.24622,37.49482,FALL,4,NN,409
track03,38.09158,38.50831,EARTH,3,NN,580
track03,40.39712,40.75881,PEOPLE,7,NNS,540
track03,41.43167,41.75173,HEADS,4,NNS,NA
track03,42.92,43.48837,ANTIPATHIES,1,NNS,NA
track03,43.48837,43.5922,I,256,NN,483
track03,46.70886,47.02123,TIME,39,NN,343
track03,48.33,48.64422,WORD,3,NN,NA
track03,49.07533,49.17851,I,256,NN,483
track03,50.3,50.54,NAME,4,NN,405
track03,50.72157,51.21586,COUNTRY,1,NN,465
track03,52.15975,52.38094,PLEASE,11,NN,NA
track03,53.21822,53.60589,ZEALAND,1,NN,NA
track04,0.00647,0.33909,FANCY,4,NN,NA
track04,1.10763,1.18,YOURE,1,NN,NA
track04,1.77396,2.19876,AIR,6,NN,518
track04,4.87,5.26201,GIRL,4,NN,607
track04,8.0581,8.13905,I,256,NN,483
track04,11.64064,11.86965,NOTHING,19,NN,NA
track04,12.84455,13.20923,ALICE,198,NN,NA
track04,16.21,16.55,TONIGHT,1,NN,NA
track04,16.55,16.64683,I,256,NN,483
track04,17.54186,17.85339,DINAH,11,NN,NA
track04,18.11985,18.41,CAT,26,NN,615
track04,18.80001,18.86,I,256,NN,483
track04,19.71469,20.11,SAUCER,1,NN,606
track04,20.26045,20.50411,MILK,1,NN,670
track04,21.51,21.82,DINAH,11,NN,NA
track04,22.24,22.29703,I,256,NN,483
track04,24.27,24.56289,MICE,4,NN,NA
track04,24.75704,24.94175,AIR,6,NN,518
track04,26.15901,26.54,BAT,3,NN,564
track04,26.94,27.12921,THATS,2,NNS,NA
track04,27.56,27.88433,MOUSE,42,NN,624
track04,28.84,29.17864,CATS,13,NNS,NA
track04,29.33,29.65209,BATS,4,NNS,NA
track04,29.65209,29.74405,I,256,NN,483
track04,30.72,30.98099,ALICE,198,NN,NA
track04,34.11722,34.34,SORT,9,NN,NA
track04,34.45,34.78,WAY,38,NN,265
track04,35.1,35.49407,CATS,13,NNS,NA
track04,35.64183,36.21589,BATS,4,NNS,NA
track04,36.47,36.83239,CATS,13,NNS,NA
track04,36.93,37.47,BATS,4,NNS,NA
track04,39.02173,39.32305,BATS,4,NNS,NA
track04,39.45,39.9647,CATS,13,NNS,NA
track04,42.02,42.48,QUESTION,12,NN,387
track04,43.25061,43.55,MATTER,5,NN,439
track04,43.79,43.91978,WAY,38,NN,265
track04,48.35662,48.59269,HAND,8,NN,604
track04,48.71059,48.99748,HAND,8,NN,604
track04,49.18,49.57469,DINAH,11,NN,NA
track04,51.84,52.29,DINAH,11,NN,NA
track04,52.73,53.14715,TRUTH,1,NN,261
track04,54.08,54.44,BAT,3,NN,564
track04,57.74776,57.96234,HEAP,1,NN,485
track04,58.07,58.51517,STICKS,1,NNS,NA
track04,58.9127,59.3882,LEAVES,4,NNS,NA
track04,59.66959,59.99,FALL,4,NN,409
track05,0.15058,0.45271,ALICE,198,NN,NA
track05,0.81,0.99301,BIT,11,NN,392
track05,2.68,2.98431,FEET,13,NNS,642
track05,3.11762,3.49489,MOMENT,14,NN,301
track05,7.30211,7.81443,PASSAGE,3,NN,558
track05,8.33,8.65,RABBIT,16,NN,635
track05,11.08,11.39874,MOMENT,14,NN,301
track05,12.85,13.16792,ALICE,198,NN,NA
track05,13.50592,13.94974,WIND,1,NN,552
track05,14.62,14.94,TIME,39,NN,343
track05,16.31351,16.7,CORNER,3,NN,533
track05,17.53,17.79096,EARS,3,NNS,NA
track05,17.95092,18.31757,WHISKERS,2,NNS,NA
track05,21.07,21.46,CORNER,3,NN,533
track05,21.79256,22.17,RABBIT,16,NN,635
track05,25.33016,25.67,HALL,8,NN,565
track05,26.61302,26.84799,ROW,2,NN,NA
track05,27.04366,27.39673,LAMPS,1,NNS,NA
track05,28.03,28.38965,ROOF,3,NN,586
track05,28.87,29.35155,DOORS,2,NNS,NA
track05,30.02271,30.48,HALL,8,NN,565
track05,32.41848,32.77239,ALICE,198,NN,NA
track05,33.41519,33.60084,WAY,38,NN,265
track05,34.13494,34.48,SIDE,8,NN,394
track05,36.12208,36.48,DOOR,22,NN,606
track05,44.33479,44.77848,GLASS,6,NN,635
track05,45.21,45.50452,NOTHING,19,NN,NA
track05,46.75239,47.19294,KEY,8,NN,612
track05,48.04999,48.37,IDEA,9,NN,259
track05,49.99,50.34462,DOORS,2,NNS,NA
track05,50.53,50.86,HALL,8,NN,565
track05,52.23119,52.6,LOCKS,1,NNS,NA
track05,53.51951,53.76643,KEY,8,NN,612
track05,55.01841,55.2521,RATE,4,NN,308
track06,0.99297,1.22,TIME,39,NN,343
track06,1.22,1.59727,ROUND,20,NN,438
track06,2.7231,3.14921,CURTAIN,1,NN,NA
track06,5.75246,6.07062,DOOR,22,NN,606
track06,6.83346,7.22,INCHES,6,NNS,NA
track06,9.16255,9.39926,KEY,8,NN,612
track06,9.5903,9.8934,LOCK,1,NN,565
track06,10.57171,10.95113,DELIGHT,2,NN,282
track06,11.71561,12.05174,ALICE,198,NN,NA
track06,12.50371,12.86,DOOR,22,NN,606
track06,14.28482,14.82927,PASSAGE,3,NN,558
track06,17.92646,18.37867,PASSAGE,3,NN,558
track06,19.32501,19.65,GARDEN,8,NN,NA
track06,22.35762,22.64185,HALL,8,NN,565
track06,22.8182,23.0659,WANDER,1,NN,NA
track06,23.79644,24.09702,BEDS,1,NNS,NA
track06,24.4803,24.99521,FLOWERS,1,NNS,NA
track06,25.68558,26.21034,FOUNTAINS,1,NNS,NA
track06,27.62367,27.85395,HEAD,19,NN,603
track06,28.08481,28.55949,DOORWAY,1,NN,578
track06,29.33291,29.57625,HEAD,19,NN,603
track06,30.35023,30.51519,THOUGHT,40,NN,274
track06,30.74493,31.19205,ALICE,198,NN,NA
track06,32.27753,32.54,USE,11,NN,NA
track06,32.9798,33.54,SHOULDERS,3,NNS,NA
track06,34.55,34.65772,I,256,NN,483
track06,34.87,34.96298,I,256,NN,483
track06,35.68827,36.3506,TELESCOPE,3,NN,592
track06,36.84899,36.94551,I,256,NN,483
track06,37.11338,37.24521,I,256,NN,483
track06,37.77,37.91952,I,256,NN,483
track06,40.48539,40.71109,WAY,38,NN,265
track06,40.71109,41.01473,THINGS,19,NNS,NA
track06,42.05223,42.34184,ALICE,198,NN,NA
track06,43.80323,44.07979,THINGS,19,NNS,NA
track06,46.97352,47.26024,USE,11,NN,NA
track06,48.18685,48.54184,DOOR,22,NN,606
track06,50.32,50.58318,HALF,12,NN,389
track06,51.87297,52.16423,KEY,8,NN,612
track06,52.92779,53.1,RATE,4,NN,308
track06,53.13964,53.38623,BOOK,5,NN,609
track06,53.52,53.77672,RULES,2,NNS,NA
track06,54.1627,54.44172,PEOPLE,7,NNS,540
track06,54.74941,55.35497,TELESCOPES,1,NNS,NA
track06,55.98956,56.22793,TIME,39,NN,343
track06,57.0386,57.41582,BOTTLE,9,NN,591
track06,59.85517,60.24411,ALICE,198,NN,NA
track07,0.63301,0.82301,ROUND,20,NN,438
track07,0.86,1.06619,NECK,6,NN,587
track07,1.25996,1.66,BOTTLE,9,NN,591
track07,1.88582,2.23051,PAPER,1,NN,599
track07,2.23051,2.62944,LABEL,2,NN,NA
track07,2.95501,3.30362,WORDS,12,NNS,NA
track07,5.35,5.75406,LETTERS,1,NNS,NA
track07,8.38978,8.82003,WISE,1,NN,268
track07,9.13499,9.47957,ALICE,198,NN,NA
track07,10.77,11.14,HURRY,5,NN,NA
track07,14.49,14.95041,POISON,3,NN,527
track07,17.15472,17.5824,STORIES,1,NNS,NA
track07,17.8415,18.18,CHILDREN,5,NNS,582
track07,18.73,19.14,BURNT,1,NN,NA
track07,20.14332,20.55681,BEASTS,1,NNS,NA
track07,21.44479,21.74489,THINGS,19,NNS,NA
track07,23.69,24.06995,SIMPLE,1,NN,NA
track07,24.06995,24.33136,RULES,2,NNS,NA
track07,24.48582,24.85526,FRIENDS,1,NNS,NA
track07,26.67,27.01208,POKER,1,NN,NA
track07,29.84,30.25997,FINGER,3,NN,NA
track07,31.09,31.39781,KNIFE,2,NN,612
track07,35.34089,35.58773,BOTTLE,9,NN,591
track07,35.91726,36.47,POISON,3,NN,527
track07,40.78,41.1,BOTTLE,9,NN,591
track07,41.78,42.28,POISON,3,NN,527
track07,42.52873,42.86452,ALICE,198,NN,NA
track07,46.06,46.34,FACT,4,NN,332
track07,46.44,46.6666,SORT,9,NN,NA
track07,47.17066,47.54,FLAVOR,1,NN,NA
track07,48.6,49.07132,CUSTARD,1,NN,549
track07,49.07132,49.81,PINEAPPLE,1,NN,653
track07,49.81,50.04508,ROAST,1,NN,NA
track07,50.40701,50.86,COFFEE,1,NN,613
track07,55.27,55.59,ALICE,198,NN,NA
track07,55.59,55.71591,I,256,NN,483
track07,56.57,57.21148,TELESCOPE,3,NN,592
track08,2.68,2.98572,INCHES,6,NNS,NA
track08,3.58319,3.89988,FACE,8,NN,599
track08,4.73505,5.19445,THOUGHT,40,NN,274
track08,6.25131,6.60522,SIZE,8,NN,354
track08,7.61304,7.98,DOOR,22,NN,606
track08,8.66438,9.09943,GARDEN,8,NN,NA
track08,10.8874,11.21985,MINUTES,7,NNS,NA
track08,15.95407,16.21735,END,8,NN,320
track08,16.70789,16.98717,ALICE,198,NN,NA
track08,19.8801,19.97,I,256,NN,483
track08,20.45,20.59753,I,256,NN,483
track08,22.14,22.54,FANCY,4,NN,NA
track08,22.81945,23.12697,FLAME,1,NN,582
track08,23.65179,23.90184,LOOKS,1,NNS,NA
track08,27.56817,27.91,THING,29,NN,350
track08,28.64,29.03617,WHILE,12,NN,204
track08,29.59,29.90286,NOTHING,19,NN,NA
track08,31.98289,32.33322,GARDEN,8,NN,NA
track08,34.43505,34.88886,ALICE,198,NN,NA
track08,35.91,36.25744,DOOR,22,NN,606
track08,38.27718,38.68,KEY,8,NN,612
track08,44.06829,44.53018,GLASS,6,NN,635
track08,46.30121,46.59975,LEGS,2,NN,NA
track08,51.45113,51.75,THING,29,NN,350
track08,53.83,54.0829,USE,11,NN,NA
track08,55.17869,55.49313,ALICE,198,NN,NA
track08,57.12772,57.21,I,256,NN,483
track08,57.21,57.59329,ADVISE,1,NN,NA
track08,58.44135,58.79293,MINUTE,13,NN,361
track08,60.61658,61.13925,ADVICE,1,NN,291
track09,3.05344,3.43519,TEARS,8,NNS,NA
track09,3.81561,4.18542,EYES,14,NNS,NA
track09,6.4509,6.79,EARS,3,NNS,NA
track09,8.07633,8.30359,GAME,1,NN,NA
track09,8.42739,8.91898,CROQUET,5,NN,559
track09,11.04228,11.31987,CHILD,6,NN,581
track09,13.09973,13.54,PEOPLE,7,NNS,540
track09,14.12117,14.36903,USE,11,NN,NA
track09,14.75326,14.94404,THOUGHT,40,NN,274
track09,15.1689,15.58248,ALICE,198,NN,NA
track09,16.46453,16.85292,PEOPLE,7,NNS,540
track09,19.65232,20.11,PERSON,3,NN,562
track09,20.68,20.88241,EYE,3,NN,634
track09,21.67435,21.97,GLASS,6,NN,635
track09,26.21766,26.73784,CAKE,3,NN,624
track09,27.212,27.56,WORDS,12,NNS,NA
track09,29.18798,29.62561,CURRANTS,1,NNS,NA
track09,30.85574,31.21988,ALICE,198,NN,NA
track09,32.47186,32.58576,I,256,NN,483
track09,33.06464,33.44,KEY,8,NN,612
track09,34.94695,35.06884,I,256,NN,483
track09,35.72125,36.07,DOOR,22,NN,606
track09,36.57777,36.74,WAY,38,NN,265
track09,37.28616,37.59083,GARDEN,8,NN,NA
track09,37.71,37.81397,I,256,NN,483
track09,40.04667,40.33,BIT,11,NN,392
track09,42.383,42.69,WAY,38,NN,265
track09,42.9969,43.36,WAY,38,NN,265
track09,44.01,44.32631,HAND,8,NN,604
track09,44.50398,44.74368,TOP,4,NN,435
track09,44.98892,45.24064,HEAD,19,NN,603
track09,45.87378,46.13,WAY,38,NN,265
track09,49.62602,50.11826,SIZE,8,NN,354
track09,52.48338,52.6988,EATS,1,NNS,NA
track09,52.6988,53.02025,CAKE,3,NN,624
track09,53.32047,53.63303,ALICE,198,NN,NA
track09,54.67666,54.93,WAY,38,NN,265
track09,55.55,55.90861,NOTHING,19,NN,NA
track09,56.45552,56.65854,WAY,38,NN,265
track09,56.72823,56.94143,THINGS,19,NNS,NA
track09,59.57,59.76,LIFE,6,NN,361
track09,60.79694,61.06,WAY,38,NN,265
track10,2.48824,2.82288,CAKE,3,NN,624
track10,3.07462,3.80249,CURIOUSER,2,NN,NA
track10,3.94,4.71811,CURIOUSER,2,NN,NA
track10,5.03,5.4264,ALICE,198,NN,NA
track10,7.09556,7.42204,MOMENT,14,NN,301
track10,11.21426,11.75535,TELESCOPE,3,NN,592
track10,13.53,14.00088,FEET,13,NNS,642
track10,15.316,15.66874,FEET,13,NNS,642
track10,20.18077,20.59457,FEET,13,NNS,642
track10,20.7854,20.86839,I,256,NN,483
track10,21.82207,22.24179,SHOES,1,NNS,NA
track10,22.343,22.87484,STOCKINGS,1,NNS,NA
track10,24.36505,24.53182,I,256,NN,483
track10,25.48012,25.55018,I,256,NN,483
track10,26.153,26.36173,DEAL,7,NN,342
track10,27.19731,27.42799,TROUBLE,3,NN,310
track10,29.60696,29.71899,WAY,38,NN,265
track10,30.67146,30.73858,I,256,NN,483
track10,31.03171,31.29917,KIND,4,NN,323
track10,31.61917,31.86252,THOUGHT,40,NN,274
track10,31.86252,32.30159,ALICE,198,NN,NA
track10,33.67872,33.81,WAY,38,NN,265
track10,33.81,33.91652,I,256,NN,483
track10,36.12233,36.38,PAIR,5,NN,377
track10,36.46657,36.81842,BOOTS,1,NNS,NA
track10,37.09043,37.6738,CHRISTMAS,1,NN,432
track10,38.456,38.8216,PLANNING,1,NN,NA
track10,41.19735,41.71214,CARRIER,1,NN,NA
track10,41.88284,42.20806,THOUGHT,40,NN,274
track10,43.72495,44.07228,PRESENTS,1,NNS,NA
track10,44.64,44.99952,FEET,13,NNS,642
track10,45.71564,46.2519,DIRECTIONS,2,NNS,NA
track10,47.54262,47.83307,FOOT,6,NN,558
track10,47.83307,48.50151,ESQUIRE,1,NN,NA
track10,48.73551,49.24524,HEARTHRUG,1,NN,NA
track10,49.60575,50.06909,FENDER,1,NN,NA
track10,50.85,51.3176,LOVE,1,NN,311
track10,52.43583,53.03644,NONSENSE,2,NN,256
track10,54.43,54.68193,HEAD,19,NN,603
track10,54.68193,54.96719,STRUCK,2,NN,NA
track10,55.36262,55.62286,ROOF,3,NN,586
track10,55.81589,56.14966,HALL,8,NN,565
track10,56.47036,56.80769,FACT,4,NN,332
track10,58.56035,58.79315,FEET,13,NNS,642
track11,1.87357,2.23,KEY,8,NN,612
track11,2.98598,3.36631,GARDEN,8,NN,NA
track11,3.36631,3.69342,DOOR,22,NN,606
track11,4.14978,4.67068,ALICE,198,NN,NA
track11,7.26545,7.60009,SIDE,8,NN,394
track11,8.48605,8.84233,GARDEN,8,NN,NA
track11,9.23,9.57,EYE,3,NN,634
track11,16.12583,16.52,ALICE,198,NN,NA
track11,17.03636,17.28763,GIRL,4,NN,607
track11,20.89701,21.2,WAY,38,NN,265
track11,21.85824,22.12489,MOMENT,14,NN,301
track11,22.12489,22.23426,I,256,NN,483
track11,24.48597,24.99255,GALLONS,1,NNS,NA
track11,25.10532,25.57,TEARS,8,NNS,NA
track11,26.76902,27.09113,POOL,8,NN,573
track11,27.33361,27.63,ROUND,20,NN,438
track11,28.66,28.97872,INCHES,6,NNS,NA
track11,29.82,30.13,HALF,12,NN,389
track11,30.5156,30.92,HALL,8,NN,565
track11,31.47,31.84079,TIME,39,NN,343
track11,32.57,33.09,PATTERING,2,NN,NA
track11,33.21689,33.43,FEET,13,NNS,642
track11,33.59725,34.09792,DISTANCE,3,NN,353
track11,35.27,35.61178,EYES,14,NNS,NA
track11,37.33,37.70145,RABBIT,16,NN,635
track11,39.18,39.54,PAIR,5,NN,377
track11,39.90728,40.1559,KID,5,NN,536
track11,40.1559,40.50974,GLOVES,10,NNS,NA
track11,40.76,41.07,HAND,8,NN,604
track11,41.83925,42.11144,FAN,10,NN,557
track11,44.38757,44.73,HURRY,5,NN,NA
track11,46.89121,47.43517,DUCHESS,17,NN,568
track11,47.54026,48.09167,DUCHESS,17,NN,568
track11,50.62655,50.99,ALICE,198,NN,NA
track11,52.99,53.23138,HELP,4,NN,320
track11,54.55263,54.88072,RABBIT,16,NN,635
track11,56.88023,57.17,VOICE,10,NN,485
track11,57.68,58.15154,PLEASE,11,NN,NA
track12,0.08,0.41,RABBIT,16,NN,635
track12,2.04,2.25,KID,5,NN,536
track12,2.25,2.63439,GLOVES,10,NNS,NA
track12,2.76846,3.16961,FAN,10,NN,557
track12,4.23,4.69355,DARKNESS,1,NN,NA
track12,6.00584,6.28959,ALICE,198,NN,NA
track12,6.74939,7.05949,FAN,10,NN,557
track12,7.16052,7.58564,GLOVES,10,NNS,NA
track12,8.01567,8.23,HALL,8,NN,565
track12,10.34731,10.68966,TIME,39,NN,343
track12,13.07,13.41713,EVERYTHING,5,NN,NA
track12,13.56542,13.95,TODAY,3,NN,NA
track12,14.27633,14.63613,YESTERDAY,1,NN,NA
track12,14.63613,14.92297,THINGS,19,NNS,NA
track12,16.29666,16.35,I,256,NN,483
track12,17.85,18.19,NIGHT,4,NN,496
track12,19.50971,19.64,I,256,NN,483
track12,20.10422,20.19809,I,256,NN,483
track12,20.68299,21.10447,MORNING,4,NN,515
track12,21.2702,21.38,I,256,NN,483
track12,21.86197,21.98146,I,256,NN,483
track12,25.31268,25.6909,QUESTION,12,NN,387
track12,26.62,26.9054,WORLD,5,NN,532
track12,27.11328,27.41542,I,256,NN,483
track12,28.34928,28.72283,PUZZLE,1,NN,449
track12,30.49882,30.90404,CHILDREN,5,NNS,582
track12,32.19157,32.45317,AGE,2,NN,390
track12,37.33142,37.53181,HAIR,5,NN,583
track12,38.61,39.06547,RINGLETS,2,NNS,NA
track12,39.2112,39.39858,MINE,3,NN,452
track12,39.88799,40.27929,RINGLETS,2,NNS,NA
track12,41.25,41.34894,I,256,NN,483
track12,42.42,42.55493,I,256,NN,483
track12,42.90723,43.18924,SORTS,2,NNS,NA
track12,43.29636,43.5879,THINGS,19,NNS,NA
track12,47.23,47.63,I,256,NN,483
track12,50.10904,50.2206,I,256,NN,483
track12,50.63,50.9436,THINGS,19,NNS,NA
track12,50.9436,51.03,I,256,NN,483
track12,52.70343,53.00365,TIMES,4,NNS,NA
track12,54.37275,54.62696,TIMES,4,NNS,NA
track12,56.28505,56.57,TIMES,4,NNS,NA
track12,57.71856,57.80309,I,256,NN,483
track12,59.15488,59.41,RATE,4,NN,308
track13,0.67,1.4589,GEOGRAPHY,1,NN,338
track13,1.59315,1.95235,LONDON,1,NN,NA
track13,2.18069,2.66098,CAPITAL,4,NN,448
track13,2.78197,3.26268,PARIS,2,NN,NA
track13,3.52919,3.91591,PARIS,2,NN,NA
track13,4.1192,4.47544,CAPITAL,4,NN,448
track13,7.64279,7.69,I,256,NN,483
track13,11.65,11.95941,HANDS,6,NNS,NA
track13,13.58603,14.06466,LESSONS,7,NNS,NA
track13,15.56,15.84825,VOICE,10,NN,485
track13,16.1577,16.59843,HOARSE,3,NN,NA
track13,16.68703,17.25487,STRANGE,2,NN,NA
track13,17.47367,17.81919,WORDS,12,NNS,NA
track13,22.95,23.47,TAIL,7,NN,613
track13,24.30692,24.80926,WATERS,1,NNS,NA
track13,25.12876,25.56669,NILE,1,NN,NA
track13,26.57409,27.1484,SCALE,1,NN,475
track13,30.97931,31.74946,CLAWS,2,NN,NA
track13,32.71991,33.15538,FISHES,1,NNS,NA
track13,34.6,35.3448,JAWS,1,NN,NA
track13,36.64,36.97,WORDS,12,NNS,NA
track13,37.42445,37.79315,ALICE,198,NN,NA
track13,38.08991,38.53,EYES,14,NNS,NA
track13,38.99172,39.27,TEARS,8,NNS,NA
track13,40.3675,40.52853,I,256,NN,483
track13,44.74,45.23552,HOUSE,15,NN,608
track13,46.15,46.41204,TOYS,1,NN,NA
track13,48.36185,48.85701,LESSONS,7,NNS,NA
track13,50.41,50.75602,MIND,9,NN,333
track13,51.95884,52.1,ILL,5,NN,NA
track13,53.72,54.01,USE,11,NN,NA
track13,54.58,54.84445,HEADS,4,NNS,NA
track13,56.52304,56.72124,I,256,NN,483
track13,58.3,58.42,I,256,NN,483
track13,60.2293,60.37012,I,256,NN,483
track13,60.99862,61.32,PERSON,3,NN,562
track13,61.32,61.5,ILL,5,NN,NA
track13,62.37,62.47,ILL,5,NN,NA
track13,63.42107,63.83,SOMEONE,1,NN,NA
track14,1.24585,1.51238,ALICE,198,NN,NA
track14,2.02177,2.32032,BURST,1,NN,NA
track14,2.40606,2.79503,TEARS,8,NNS,NA
track14,2.99853,3.15503,I,256,NN,483
track14,4.51093,4.78817,HEADS,4,NNS,NA
track14,5.27197,5.34862,I,256,NN,483
track14,9.55775,9.97499,HANDS,6,NNS,NA
track14,13.52281,13.78833,KID,5,NN,536
track14,13.78833,14.18793,GLOVES,10,NNS,NA
track14,14.18793,14.33637,WHILE,12,NN,204
track14,15.68303,15.75089,I,256,NN,483
track14,16.53878,16.8972,THOUGHT,40,NN,274
track14,16.98067,17.07316,I,256,NN,483
track14,23.87583,24.1161,FEET,13,NNS,642
track14,27.33001,27.65404,CAUSE,3,NN,287
track14,28.26843,28.61413,FAN,10,NN,557
track14,30.84432,31.10687,TIME,39,NN,343
track14,33.89077,34.26002,ESCAPE,1,NN,341
track14,34.44428,34.74419,ALICE,198,NN,NA
track14,35.1236,35.28894,DEAL,7,NN,342
track14,36.19498,36.59332,CHANGE,5,NN,NA
track14,38.29196,38.93526,EXISTENCE,1,NN,NA
track14,39.77596,40.2251,GARDEN,8,NN,NA
track14,41.31568,41.65017,SPEED,1,NN,NA
track14,42.27023,42.65075,DOOR,22,NN,606
track14,43.89054,44.15812,DOOR,22,NN,606
track14,45.87475,46.08192,KEY,8,NN,612
track14,46.83201,47.15935,GLASS,6,NN,635
track14,48.35607,48.6621,THINGS,19,NNS,NA
track14,49.71832,49.99806,THOUGHT,40,NN,274
track14,50.3057,50.69182,CHILD,6,NN,581
track14,50.84884,50.9562,I,256,NN,483
track14,53.55,53.65479,I,256,NN,483
track14,56.26393,56.63477,WORDS,12,NNS,NA
track14,56.77669,57.00421,FOOT,6,NN,558
track14,58.12544,58.49726,MOMENT,14,NN,301
track14,58.49726,59.16151,SPLASH,1,NN,NA
track15,0.72,1.04692,CHIN,3,NN,592
track15,1.50791,1.8,WATER,3,NN,616
track15,2.2928,2.68092,IDEA,9,NN,259
track15,4.46,4.89506,SEA,3,NN,596
track15,5.34571,5.74141,CASE,3,NN,548
track15,5.81243,5.90015,I,256,NN,483
track15,6.55192,7.0267,RAILWAY,2,NN,NA
track15,8.1437,8.41,ALICE,198,NN,NA
track15,8.93578,9.42,SEASIDE,1,NN,NA
track15,9.94,10.23869,LIFE,6,NN,361
track15,11.36409,11.99107,CONCLUSION,1,NN,278
track15,12.21262,12.54,WHEREVER,1,NN,NA
track15,13.79367,14.17923,COAST,1,NN,562
track15,14.60973,14.91799,NUMBER,2,NN,395
track15,15.46059,15.86532,MACHINES,1,NNS,NA
track15,16.02581,16.41,SEA,3,NN,596
track15,16.70847,17.11086,CHILDREN,5,NNS,582
track15,17.55981,17.83,SAND,1,NN,NA
track15,18.21,18.65511,SPADES,1,NNS,NA
track15,19.19528,19.45,ROW,2,NN,NA
track15,19.87,20.30121,HOUSES,1,NNS,NA
track15,21.1193,21.47,RAILWAY,2,NN,NA
track15,21.47,21.85914,STATION,1,NN,572
track15,23.98083,24.26,POOL,8,NN,573
track15,24.34333,24.74,TEARS,8,NNS,NA
track15,25.24667,25.51416,WEPT,1,NN,NA
track15,26.16691,26.371,FEET,13,NNS,642
track15,26.96869,27.11258,I,256,NN,483
track15,27.43726,27.51,I,256,NN,483
track15,28.96849,29.26735,ALICE,198,NN,NA
track15,30.94509,31.13602,WAY,38,NN,265
track15,31.52589,31.59784,I,256,NN,483
track15,32.85,32.9,I,256,NN,483
track15,34.73,35.2,TEARS,8,NNS,NA
track15,36.13599,36.35,THING,29,NN,350
track15,37.63,38.09,EVERYTHING,5,NN,NA
track15,38.49,38.91,TODAY,3,NN,NA
track15,39.96587,40.38371,SOMETHING,10,NN,NA
track15,41.29443,41.63036,POOL,8,NN,573
track15,41.94674,42.18,WAY,38,NN,265
track15,43.28,43.59,NEARER,2,NN,NA
track15,45.6,45.81925,THOUGHT,40,NN,274
track15,46.36,46.9279,WALRUS,1,NN,629
track15,47.01368,47.78055,HIPPOPOTAMUS,1,NN,NA
track15,51.79,52.12789,MOUSE,42,NN,624
track15,54.59,54.87763,USE,11,NN,NA
track15,55.19,55.4445,THOUGHT,40,NN,274
track15,55.48232,55.76457,ALICE,198,NN,NA
track15,56.48999,56.92738,MOUSE,42,NN,624
track15,56.92738,57.45,EVERYTHING,5,NN,NA
track15,58.27672,58.55406,WAY,38,NN,265
track15,59.25764,59.40338,I,256,NN,483
track16,1.06944,1.17,O,3,NN,NA
track16,1.17,1.70237,MOUSE,42,NN,624
track16,2.34,2.51431,WAY,38,NN,265
track16,2.9928,3.40951,POOL,8,NN,573
track16,3.50233,3.61,I,256,NN,483
track16,5.58798,5.6783,O,3,NN,NA
track16,5.6783,6.20847,MOUSE,42,NN,624
track16,6.31675,6.6,ALICE,198,NN,NA
track16,6.6,6.83353,THOUGHT,40,NN,274
track16,7.79722,8.01,WAY,38,NN,265
track16,8.73,9.23015,MOUSE,42,NN,624
track16,10.30822,10.50058,THING,29,NN,350
track16,13.27161,13.64,GRAMMAR,1,NN,402
track16,13.87971,14.42433,MOUSE,42,NN,624
track16,14.73344,15.21307,MOUSE,42,NN,624
track16,15.53558,16.01658,MOUSE,42,NN,624
track16,16.22607,16.69,MOUSE,42,NN,624
track16,16.80218,16.89692,O,3,NN,NA
track16,16.89692,17.38325,MOUSE,42,NN,624
track16,17.61771,17.93,MOUSE,42,NN,624
track16,21.87313,22.27,EYES,14,NNS,NA
track16,22.73,23.14,NOTHING,19,NN,NA
track16,24.94721,25.17498,THOUGHT,40,NN,274
track16,25.17498,25.6275,ALICE,198,NN,NA
track16,25.80837,25.8677,I,256,NN,483
track16,26.72,27.00005,MOUSE,42,NN,624
track16,28.05,28.59,CONQUEROR,2,NN,NA
track16,29.27,29.66017,KNOWLEDGE,3,NN,278
track16,29.75,30.29743,HISTORY,3,NN,328
track16,30.29743,30.65726,ALICE,198,NN,NA
track16,31.42,31.81932,NOTION,1,NN,NA
track16,32.43266,32.85086,ANYTHING,11,NN,NA
track16,34.62029,34.70546,OU,1,NN,NA
track16,34.88474,34.99479,MA,2,NN,NA
track16,34.99479,35.43214,CHATTE,1,NN,NA
track16,36.23,36.60974,SENTENCE,1,NN,NA
track16,37.29,37.62843,LESSON,2,NN,404
track16,37.62843,37.87429,BOOK,5,NN,609
track16,38,38.25134,MOUSE,42,NN,624
track16,38.84076,39.05512,LEAP,1,NN,389
track16,39.35019,39.74051,WATER,3,NN,616
track16,41.8,41.93,I,256,NN,483
track16,42.3098,42.75635,PARDON,4,NN,307
track16,43.04,43.3912,ALICE,198,NN,NA
track16,45.51,45.92827,FEELINGS,2,NNS,NA
track16,46.06,46.17326,I,256,NN,483
track16,47.34754,47.80402,CATS,13,NNS,NA
track16,48.37812,48.75413,CATS,13,NNS,NA
track16,49.08,49.42535,MOUSE,42,NN,624
track16,49.56507,49.82824,SHRILL,1,NN,NA
track16,50.35,50.60386,VOICE,10,NN,485
track16,51.23438,51.59913,CATS,13,NNS,NA
track16,53.43,53.80973,ALICE,198,NN,NA
track16,54.42758,54.7782,TONE,20,NN,NA
track16,56.46,56.56,I,256,NN,483
track16,56.81627,56.92059,I,256,NN,483
track16,57.6289,57.92187,CAT,26,NN,615
track16,57.92187,58.32381,DINAH,11,NN,NA
track16,58.32381,58.50454,I,256,NN,483
track16,59.13748,59.48,FANCY,4,NN,NA
track16,59.593,59.91464,CATS,13,NNS,NA
track17,0.10638,0.37732,ALICE,198,NN,NA
track17,0.8,1.03,HALF,12,NN,389
track17,3.12706,3.45,POOL,8,NN,573
track17,5.51511,5.94663,FIRE,4,NN,595
track17,6.35,6.80764,PAWS,2,NN,NA
track17,7.35333,7.764,FACE,8,NN,599
track17,9.15344,9.42,THING,29,NN,350
track17,10.64534,11.08,CAPITAL,4,NN,448
track17,11.79,12.14033,MICE,4,NN,NA
track17,12.71875,12.88915,I,256,NN,483
track17,13.24,13.73,PARDON,4,NN,307
track17,13.99,14.32617,ALICE,198,NN,NA
track17,14.84,15.08834,TIME,39,NN,343
track17,15.14401,15.41941,MOUSE,42,NN,624
track17,22.67659,23.07,MOUSE,42,NN,624
track17,24.5724,24.76934,END,8,NN,320
track17,24.99646,25.35,TAIL,7,NN,613
track17,25.8761,26.09,I,256,NN,483
track17,27.67021,27.99313,FAMILY,1,NN,525
track17,29.1302,29.60493,CATS,13,NNS,NA
track17,30.48,30.97,VULGAR,1,NN,NA
track17,30.97,31.47,THINGS,19,NNS,NA
track17,32.34,32.59063,NAME,4,NN,405
track17,33.19558,33.31,I,256,NN,483
track17,34.44,34.89867,ALICE,198,NN,NA
track17,35.27963,35.55,HURRY,5,NN,NA
track17,35.65883,35.96,CHANGE,5,NN,NA
track17,36.62544,37.38,CONVERSATION,7,NN,NA
track17,39.33,39.95562,DOGS,3,NNS,NA
track17,40.15,40.42,MOUSE,42,NN,624
track17,41.30341,41.561,ALICE,198,NN,NA
track17,43.34718,43.68736,DOG,2,NN,610
track17,43.92,44.27543,HOUSE,15,NN,608
track17,44.27543,44.364,I,256,NN,483
track17,46.32,46.78,TERRIER,1,NN,NA
track17,49.17231,49.52383,HAIR,5,NN,583
track17,50.29,50.53742,THINGS,19,NNS,NA
track17,52.67233,53.04386,DINNER,2,NN,542
track17,53.37,53.65363,SORTS,2,NNS,NA
track17,53.72,54.14,THINGS,19,NNS,NA
track17,54.28861,54.36139,I,256,NN,483
track17,54.91,55.18908,HALF,12,NN,389
track17,56.69,57.08334,FARMER,1,NN,NA
track17,59.97052,60.44047,POUNDS,1,NNS,NA
track18,1.24563,1.54003,RATS,1,NNS,NA
track18,3.15514,3.48451,ALICE,198,NN,NA
track18,4.23613,4.57809,TONE,20,NN,NA
track18,6.62,6.94,MOUSE,42,NN,624
track18,10.13,10.64767,COMMOTION,1,NN,NA
track18,10.78,11.04807,POOL,8,NN,573
track18,13.3747,13.7028,MOUSE,42,NN,624
track18,16.19208,16.52856,CATS,13,NNS,NA
track18,16.65,16.9215,DOGS,3,NNS,NA
track18,18.4,18.65964,MOUSE,42,NN,624
track18,19.52,19.8,ROUND,20,NN,438
track18,21.61224,21.90094,FACE,8,NN,599
track18,22.92,23.33,PASSION,1,NN,300
track18,23.33,23.66232,ALICE,198,NN,NA
track18,23.66232,23.86749,THOUGHT,40,NN,274
track18,25.42,25.8262,VOICE,10,NN,485
track18,26.60508,27.01046,SHORE,2,NN,574
track18,27.87095,28.41462,HISTORY,3,NN,328
track18,29.82708,29.97,I,256,NN,483
track18,29.97,30.27,HATE,1,NN,335
track18,30.27,30.57122,CATS,13,NNS,NA
track18,30.68527,31.11832,DOGS,3,NNS,NA
track18,31.69335,31.9418,TIME,39,NN,343
track18,32.53538,32.81,POOL,8,NN,573
track18,34.21277,34.56619,BIRDS,6,NNS,NA
track18,34.67681,35.11758,ANIMALS,2,NNS,NA
track18,36.6,36.94295,DUCK,3,NN,606
track18,37.11446,37.63768,DODO,13,NN,NA
track18,37.82862,38.27,LORY,7,NN,NA
track18,38.57701,38.94299,EAGLET,3,NN,NA
track18,40.10741,40.53124,CREATURES,3,NNS,NA
track18,40.60842,40.92502,ALICE,198,NN,NA
track18,41.19514,41.49454,WAY,38,NN,265
track18,41.95435,42.34172,PARTY,6,NN,496
track18,42.92077,43.27,SHORE,2,NN,574
track18,44.93255,45.32226,PARTY,6,NN,496
track18,46.24,46.59,BANK,2,NN,573
track18,46.74,47.17,BIRDS,6,NNS,NA
track18,47.76283,48.23019,FEATHERS,1,NNS,NA
track18,48.48459,49.01,ANIMALS,2,NNS,NA
track18,49.34,49.65058,FUR,3,NN,601
track18,52.03,52.55232,CROSS,1,NN,514
track18,53.88,54.25,QUESTION,12,NN,387
track18,54.33,54.7424,COURSE,10,NN,389
track19,0.2958,1.1,CONSULTATION,1,NN,NA
track19,2.58,3.01759,MINUTES,7,NNS,NA
track19,4.32956,4.73,ALICE,198,NN,NA
track19,8.48545,8.81994,LIFE,6,NN,361
track19,10.41857,10.85905,ARGUMENT,1,NN,NA
track19,11.19142,11.63825,LORY,7,NN,NA
track19,12.4577,12.91302,SULKY,2,NN,NA
track19,14.04431,14.17,I,256,NN,483
track19,16.75513,17.04719,ALICE,198,NN,NA
track19,19.87,20.16977,LORY,7,NN,NA
track19,21.89431,22.33054,AGE,2,NN,390
track19,24.42,24.74799,MOUSE,42,NN,624
track19,25.48,25.9,PERSON,3,NN,562
track19,26.06,26.63,AUTHORITY,1,NN,NA
track19,33.25437,33.62,RING,2,NN,593
track19,33.92741,34.26614,MOUSE,42,NN,624
track19,34.85101,35.15,ALICE,198,NN,NA
track19,35.46544,35.78145,EYES,14,NNS,NA
track19,38.67,39.07569,COLD,1,NN,457
track19,40.94585,41.33036,AHEM,1,NN,NA
track19,41.78,42.08305,MOUSE,42,NN,624
track19,42.92449,43.17269,AIR,6,NN,518
track19,45.28067,45.64759,THING,29,NN,350
track19,45.64759,45.85621,I,256,NN,483
track19,46.38,46.76827,SILENCE,6,NN,352
track19,46.93,47.21,ROUND,20,NN,438
track19,47.44,47.88895,PLEASE,11,NN,NA
track19,48.59,49.40706,CONQUEROR,2,NN,NA
track19,49.70327,50.18758,CAUSE,3,NN,287
track19,51.1,51.48788,POPE,1,NN,593
track19,54.61,55.13491,LEADERS,1,NNS,NA
track19,57.15704,57.92988,USURPATION,1,NN,NA
track19,59.01238,59.36587,EDWIN,2,NN,NA
track19,60.28742,60.61191,EARLS,2,NN,NA
track19,60.76325,61.18437,MERCIA,2,NN,NA
track20,0.03968,0.2297,UH,3,NN,NA
track20,0.92258,1.24467,LORY,7,NN,NA
track20,1.55622,1.95,SHIVER,1,NN,455
track20,2.10998,2.20434,I,256,NN,483
track20,2.52675,3.0325,PARDON,4,NN,307
track20,3.42707,3.78213,MOUSE,42,NN,624
track20,6.54749,7.15117,I,256,NN,483
track20,7.49256,7.82584,LORY,7,NN,NA
track20,8.62022,8.72298,I,256,NN,483
track20,8.72298,8.97716,THOUGHT,40,NN,274
track20,9.8236,10.2586,MOUSE,42,NN,624
track20,10.45884,10.59651,I,256,NN,483
track20,11.27203,11.71021,EDWIN,2,NN,NA
track20,12.62718,12.98783,EARLS,2,NN,NA
track20,13.14749,13.66497,MERCIA,2,NN,NA
track20,17.77673,18.39693,ARCHBISHOP,2,NN,NA
track20,18.56273,19.28,CANTERBURY,1,NN,NA
track20,21.82256,22.09307,DUCK,3,NN,606
track20,22.21686,22.251,I,256,NN,483
track20,23.13087,23.4311,MOUSE,42,NN,624
track20,24.68321,24.94709,COURSE,10,NN,389
track20,26.29534,26.41669,I,256,NN,483
track20,28.15352,28.72471,I,256,NN,483
track20,29.11022,29.63599,THING,29,NN,350
track20,29.92487,30.2,DUCK,3,NN,606
track20,31.33452,31.8872,FROG,3,NN,619
track20,32.15775,32.66466,WORM,1,NN,611
track20,33.02282,33.44856,QUESTION,12,NN,387
track20,34.3298,34.97618,ARCHBISHOP,2,NN,NA
track20,35.97,36.26,MOUSE,42,NN,624
track20,37.16015,37.68988,QUESTION,12,NN,387
track20,41.03288,41.4297,EDGAR,1,NN,NA
track20,43.61418,44.09838,CROWN,1,NN,586
track20,44.85458,45.40105,CONDUCT,1,NN,NA
track20,47.02891,47.54292,INSOLENCE,1,NN,248
track20,47.91052,48.4906,NORMANS,1,NNS,NA
track20,51.58001,52.0232,ALICE,198,NN,NA
track20,54.23665,54.61589,ALICE,198,NN,NA
track20,55.42586,55.74835,TONE,20,NN,NA
track21,0.50185,1.12496,CASE,3,NN,548
track21,1.67115,2.03089,DODO,13,NN,NA
track21,3.28,3.48924,FEET,13,NNS,642
track21,3.66,3.83793,I,256,NN,483
track21,4.65689,5.1,MEETING,1,NN,403
track21,5.1,5.78,ADJOURN,1,NN,NA
track21,6.62815,7.37,ADOPTION,1,NN,NA
track21,8.56885,9.31,REMEDIES,1,NNS,NA
track21,11.14608,11.49624,EAGLET,3,NN,NA
track21,11.73311,11.82871,I,256,NN,483
track21,12.46037,12.84863,MEANING,3,NN,NA
track21,12.98,13.24266,HALF,12,NN,389
track21,13.75,14.12138,WORDS,12,NNS,NA
track21,14.69,14.78,I,256,NN,483
track21,16.90387,17.22,EAGLET,3,NN,NA
track21,18.04,18.27,HEAD,19,NN,603
track21,18.74117,19.18,SMILE,1,NN,514
track21,19.91,20.22608,BIRDS,6,NNS,NA
track21,21.42301,21.73903,I,256,NN,483
track21,23.24903,23.68346,DODO,13,NN,NA
track21,24.39717,24.73258,TONE,20,NN,NA
track21,25.95022,26.23824,THING,29,NN,350
track21,27.78736,28.32954,CAUCUS,2,NN,402
track21,28.32954,28.72,RACE,5,NN,463
track21,29.33,29.84041,CAUCUS,2,NN,402
track21,29.84041,30.19,RACE,5,NN,463
track21,30.49331,30.91,ALICE,198,NN,NA
track21,33.08642,33.46,DODO,13,NN,NA
track21,34.57,34.86012,THOUGHT,40,NN,274
track21,35.08778,35.64166,SOMEBODY,2,NN,NA
track21,38.22,38.58881,ANYTHING,11,NN,NA
track21,39.67641,40.05856,DODO,13,NN,NA
track21,40.69007,40.99,WAY,38,NN,265
track21,44.28277,44.52,THING,29,NN,350
track21,45.13,45.41,WINTER,1,NN,499
track21,45.41,45.68073,DAY,11,NN,477
track21,45.94612,46.00438,I,256,NN,483
track21,46.76606,47.13584,DODO,13,NN,NA
track21,49.15,49.44069,RACE,5,NN,463
track21,49.44069,49.82345,COURSE,10,NN,389
track21,50.00645,50.26,SORT,9,NN,NA
track21,50.36642,50.74438,CIRCLE,1,NN,515
track21,51.45,51.84284,SHAPE,1,NN,452
track21,52.25,52.79708,MATTER,5,NN,439
track21,53.95843,54.34,PARTY,6,NN,496
track21,55.2677,55.63,COURSE,10,NN,389
track22,8.39,8.68,RACE,5,NN,463
track22,11.13983,11.42966,HALF,12,NN,389
track22,11.52,11.78,HOUR,1,NN,375
track22,14.18642,14.58,DODO,13,NN,NA
track22,15.73,16.08388,RACE,5,NN,463
track22,17.94991,18.17665,ROUND,20,NN,438
track22,20.85408,21.30418,QUESTION,12,NN,387
track22,21.36671,21.74722,DODO,13,NN,NA
track22,23.26048,23.49,DEAL,7,NN,342
track22,23.60843,24.01394,THOUGHT,40,NN,274
track22,25.15528,25.52838,TIME,39,NN,343
track22,25.90876,26.31,FINGER,3,NN,NA
track22,27.03859,27.52,FOREHEAD,1,NN,590
track22,27.69655,28.15898,POSITION,1,NN,351
track22,30.16344,30.56472,PICTURES,4,NNS,NA
track22,31.131,31.3,WHILE,12,NN,204
track22,31.38,31.72,REST,1,NN,351
track22,32.21966,32.78595,SILENCE,6,NN,352
track22,33.7,34.0368,DODO,13,NN,NA
track22,34.6303,35.16738,EVERYBODY,2,NN,NA
track22,36.90806,37.53,PRIZES,5,NNS,NA
track22,38.47537,39.0638,PRIZES,5,NNS,NA
track22,39.35812,39.77591,CHORUS,3,NN,NA
track22,39.97501,40.35262,VOICES,1,NNS,NA
track22,41.62294,42.12,COURSE,10,NN,389
track22,42.63107,42.99,DODO,13,NN,NA
track22,43.61672,44.00191,ALICE,198,NN,NA
track22,44.35314,44.68423,FINGER,3,NN,NA
track22,45.46752,45.85,PARTY,6,NN,496
track22,46.72951,46.96535,ROUND,20,NN,438
track22,48.61039,48.9,WAY,38,NN,265
track22,49.1459,49.6173,PRIZES,5,NNS,NA
track22,49.68672,50.2946,PRIZES,5,NNS,NA
track22,50.41106,50.7634,ALICE,198,NN,NA
track22,51.28,51.56,IDEA,9,NN,259
track22,52.77,53.42801,DESPAIR,1,NN,279
track22,53.90257,54.15269,HAND,8,NN,604
track22,54.32341,54.7833,POCKET,5,NN,578
track22,55.8884,56.47,COMFIT,2,NN,NA
track22,57.41595,57.64939,WATER,3,NN,616
track22,59.47953,59.70552,ROUND,20,NN,438
track22,59.80142,60.31387,PRIZES,5,NNS,NA
track23,1.74,2.09769,ROUND,20,NN,438
track23,3.23,3.63,PRIZE,1,NN,474
track23,5.08264,5.48584,MOUSE,42,NN,624
track23,5.90798,6.76,COURSE,10,NN,389
track23,6.92948,7.26,DODO,13,NN,NA
track23,10.22588,10.89141,POCKET,5,NN,578
track23,12.15081,12.5202,ALICE,198,NN,NA
track23,13.12218,13.66,THIMBLE,4,NN,529
track23,13.89,14.23,ALICE,198,NN,NA
track23,14.91753,15.1,HAND,8,NN,604
track23,16.32308,16.72,DODO,13,NN,NA
track23,17.79,18.08,ROUND,20,NN,438
track23,19.18,19.39,WHILE,12,NN,204
track23,19.48,19.90963,DODO,13,NN,NA
track23,21.20366,21.62784,THIMBLE,4,NN,529
track23,23.02,23.75555,ACCEPTANCE,1,NN,NA
track23,25.20664,25.8,THIMBLE,4,NN,529
track23,27.65903,28.09,SPEECH,3,NN,453
track23,29.18577,29.49,ALICE,198,NN,NA
track23,29.49,29.71109,THOUGHT,40,NN,274
track23,29.96,30.24,THING,29,NN,350
track23,35.55,35.95771,ANYTHING,11,NN,NA
track23,38.21769,38.61,THIMBLE,4,NN,529
track23,39.37,39.76992,SOLEMN,3,NN,NA
track23,41.01709,41.2983,THING,29,NN,350
track23,41.98479,42.57671,COMFIT,2,NN,NA
track23,43.67834,44.07796,NOISE,3,NN,NA
track23,44.19,44.86095,CONFUSION,1,NN,282
track23,45.53,45.84304,BIRDS,6,NNS,NA
track23,48.5,48.78,ONES,1,NNS,NA
track23,54.17,54.52,RING,2,NN,593
track23,55.13,55.43,MOUSE,42,NN,624
track23,55.92901,56.30315,SOMETHING,10,NN,NA
track23,57.77715,58.30587,HISTORY,3,NN,328
track23,58.92493,59.33393,ALICE,198,NN,NA
track24,0.25541,0.50787,MINE,3,NN,452
track24,1.56575,2.08,TALE,2,NN,352
track24,2.37,2.73393,MOUSE,42,NN,624
track24,3.25705,3.61304,ALICE,198,NN,NA
track24,5.34,5.61698,TAIL,7,NN,613
track24,6.46568,6.84622,ALICE,198,NN,NA
track24,8.72631,9.07247,TAIL,7,NN,613
track24,13.09642,13.33983,WHILE,12,NN,204
track24,13.41115,13.70355,MOUSE,42,NN,624
track24,14.95738,15.37935,IDEA,9,NN,259
track24,15.68315,16.14027,TALE,2,NN,352
track24,16.65109,16.96351,SOMETHING,10,NN,NA
track24,17.79102,18.35,FURY,2,NN,305
track24,19.11284,19.63886,MOUSE,42,NN,624
track24,20.74226,21.2611,HOUSE,15,NN,608
track24,22.5052,22.91675,LAW,1,NN,349
track24,23.35821,23.47505,I,256,NN,483
track24,25.92134,26.5,DENIAL,1,NN,272
track24,27.35982,27.83617,TRIAL,2,NN,446
track24,29.11208,29.51385,MORNING,4,NN,515
track24,29.74003,30.16697,NOTHING,19,NN,NA
track24,31.2778,31.72255,MOUSE,42,NN,624
track24,32.05218,32.63965,CUR,1,NN,NA
track24,33.24703,33.8456,TRIAL,2,NN,446
track24,35.08441,35.53175,JURY,2,NN,540
track24,35.66471,36.12884,JUDGE,2,NN,506
track24,37.42,37.82266,BREATH,1,NN,479
track24,38.62,39.08488,JUDGE,2,NN,506
track24,39.45252,40.00002,JURY,2,NN,540
track24,41.10744,41.56051,FURY,2,NN,305
track24,42.93701,43.51744,CAUSE,3,NN,287
track24,43.80684,44.21335,CONDEMN,1,NN,NA
track24,44.48032,44.8557,DEATH,1,NN,365
track24,46.78436,47.07764,MOUSE,42,NN,624
track24,47.24452,47.54711,ALICE,198,NN,NA
track24,49.70394,49.81273,I,256,NN,483
track24,50.21,50.72304,PARDON,4,NN,307
track24,50.9428,51.27741,ALICE,198,NN,NA
track24,53.09872,53.53,BEND,2,NN,NA
track24,53.53,53.64466,I,256,NN,483
track24,54.32442,54.4307,I,256,NN,483
track24,55.75337,56.05817,MOUSE,42,NN,624
track24,57.00484,57.36972,KNOT,2,NN,NA
track24,57.72549,58.07112,ALICE,198,NN,NA
track24,61.1,61.34,HELP,4,NN,320
track25,0.37399,0.44451,I,256,NN,483
track25,0.78532,1.08246,NOTHING,19,NN,NA
track25,1.34144,1.72222,SORT,9,NN,NA
track25,2.2,2.62,MOUSE,42,NN,624
track25,5.88921,6.65984,NONSENSE,2,NN,256
track25,7.07406,7.15,I,256,NN,483
track25,8.6611,9.04,ALICE,198,NN,NA
track25,11.58,11.89256,MOUSE,42,NN,624
track25,12.79,13.27,REPLY,2,NN,NA
track25,13.63,13.99811,PLEASE,11,NN,NA
track25,15.05,15.62683,STORY,6,NN,427
track25,15.7138,16.02733,ALICE,198,NN,NA
track25,17.24195,17.65586,OTHERS,1,NNS,NA
track25,18.39124,18.93,CHORUS,3,NN,NA
track25,19.2805,19.60109,PLEASE,11,NN,NA
track25,20.47,20.81978,MOUSE,42,NN,624
track25,21.56,21.87,HEAD,19,NN,603
track25,23.50058,23.8908,QUICKER,1,NN,NA
track25,24.3,24.74,PITY,1,NN,303
track25,26.33289,26.76975,LORY,7,NN,NA
track25,29.02005,29.50974,CRAB,2,NN,626
track25,29.85996,30.63614,OPPORTUNITY,5,NN,306
track25,31.30799,31.7111,DAUGHTER,1,NN,NA
track25,33.44145,33.88295,LESSON,2,NN,404
track25,35.57,36.09179,TEMPER,3,NN,353
track25,36.78,37.09666,TONGUE,1,NN,634
track25,37.09666,37.58,MA,2,NN,NA
track25,38.17031,38.45471,CRAB,2,NN,626
track25,40.58896,41.05224,PATIENCE,1,NN,266
track25,41.28,41.81,OYSTER,1,NN,573
track25,42.01962,42.09484,I,256,NN,483
track25,42.30873,42.39,I,256,NN,483
track25,42.80015,43.31811,DINAH,11,NN,NA
track25,43.63307,43.77998,I,256,NN,483
track25,44.04056,44.19686,I,256,NN,483
track25,44.99649,45.33026,ALICE,198,NN,NA
track25,46.41585,46.83,NOBODY,3,NN,NA
track25,49.50697,49.91557,DINAH,11,NN,NA
track25,50.30778,50.44175,I,256,NN,483
track25,50.74731,51.11,VENTURE,2,NN,NA
track25,51.69,52.41,QUESTION,12,NN,387
track25,52.94656,53.28,LORY,7,NN,NA
track25,53.48247,53.8117,ALICE,198,NN,NA
track25,56.64,57.06605,PET,1,NN,557
track25,57.62348,58.01248,CAT,26,NN,615
track25,58.88987,59.38,CAPITAL,4,NN,448
track25,60.07503,60.39,MICE,4,NN,NA
track26,0.38,0.48,I,256,NN,483
track26,1.72796,2.37111,BIRDS,6,NNS,NA
track26,3.3359,3.66389,BIRD,1,NN,602
track26,5.02,5.33,SPEECH,3,NN,453
track26,6.43,7.05399,SENSATION,1,NN,265
track26,7.46976,7.9896,PARTY,6,NN,496
track26,8.52,8.89707,BIRDS,6,NNS,NA
track26,10.44838,11.04625,MAGPIE,1,NN,NA
track26,13.7107,13.98,I,256,NN,483
track26,15.31,15.66189,HOME,5,NN,539
track26,15.77,16.02906,NIGHT,4,NN,496
track26,16.02906,16.33135,AIR,6,NN,518
track26,17.11996,17.51585,THROAT,1,NN,578
track26,17.92929,18.39983,CANARY,1,NN,577
track26,19.64539,19.9179,VOICE,10,NN,485
track26,20.245,20.7108,CHILDREN,5,NNS,582
track26,22.39491,22.77528,TIME,39,NN,343
track26,23.3045,23.60805,BED,1,NN,635
track26,24.28,24.99593,PRETEXTS,1,NNS,NA
track26,26.13568,26.53129,ALICE,198,NN,NA
track26,27.69351,27.79,I,256,NN,483
track26,27.99929,28.11,I,256,NN,483
track26,28.93527,29.49461,DINAH,11,NN,NA
track26,31.23848,31.57458,TONE,20,NN,NA
track26,31.67892,31.99049,NOBODY,3,NN,NA
track26,34.73651,34.98,CAT,26,NN,615
track26,35.13,35.58108,WORLD,5,NN,532
track26,36.30693,36.8985,DINAH,11,NN,NA
track26,37.10586,37.14794,I,256,NN,483
track26,37.5187,37.63443,I,256,NN,483
track26,39.70837,40.08,ALICE,198,NN,NA
track26,44.28485,44.62438,WHILE,12,NN,204
track26,46.27359,46.85895,PATTERING,2,NN,NA
track26,46.98055,47.47359,FOOTSTEPS,1,NNS,NA
track26,47.65316,48.21,DISTANCE,3,NN,353
track26,49.50429,49.69791,HALF,12,NN,389
track26,50.38992,50.72965,MOUSE,42,NN,624
track26,51.39986,51.78101,MIND,9,NN,333
track26,53.15599,53.62,STORY,6,NN,427
track26,54.68592,55.08705,RABBIT,16,NN,635
track26,59.74871,60.2,SOMETHING,10,NN,NA
track27,2.21,2.8027,DUCHESS,17,NN,568
track27,2.98,3.52811,DUCHESS,17,NN,568
track27,4.26,4.79901,PAWS,2,NN,NA
track27,5.3,5.60656,FUR,3,NN,601
track27,5.77,6.35032,WHISKERS,2,NNS,NA
track27,8.32,8.82237,FERRETS,2,NNS,NA
track27,8.93619,9.49197,FERRETS,2,NNS,NA
track27,10.09,10.22,I,256,NN,483
track27,10.89,11,I,256,NN,483
track27,11.70627,12.02496,ALICE,198,NN,NA
track27,12.56,12.95367,MOMENT,14,NN,301
track27,13.97,14.42725,FAN,10,NN,557
track27,14.7,15.0381,PAIR,5,NN,377
track27,15.39708,15.57552,KID,5,NN,536
track27,15.57552,16.00914,GLOVES,10,NNS,NA
track27,21.28079,21.85,EVERYTHING,5,NN,NA
track27,23.18,23.51,SWIM,1,NN,482
track27,23.65003,23.99,POOL,8,NN,573
track27,24.75572,25.05375,HALL,8,NN,565
track27,25.36,25.66534,GLASS,6,NN,635
track27,26.62132,26.93551,DOOR,22,NN,606
track27,29.05,29.38,RABBIT,16,NN,635
track27,29.84437,30.26881,ALICE,198,NN,NA
track27,33.29,33.64,TONE,20,NN,NA
track27,34.63,34.97,ANN,2,NN,NA
track27,37.13615,37.35718,HOME,5,NN,539
track27,37.51569,37.84,MOMENT,14,NN,301
track27,38.58,38.89527,PAIR,5,NN,377
track27,39,39.34017,GLOVES,10,NNS,NA
track27,39.58,39.95139,FAN,10,NN,557
track27,41.4173,41.85035,ALICE,198,NN,NA
track27,44.31699,44.76,DIRECTION,5,NN,336
track27,47.07,47.4986,MISTAKE,2,NN,NA
track27,49.00746,49.63,HOUSEMAID,1,NN,NA
track27,53.04317,53.21426,I,256,NN,483
track27,54.78844,55.02,FAN,10,NN,557
track27,55.14816,55.66869,GLOVES,10,NNS,NA
track27,56.47266,56.62467,I,256,NN,483
track27,59.82936,60.30447,HOUSE,15,NN,608
track28,0.24,0.49456,DOOR,22,NN,606
track28,1.57728,1.88,BRASS,1,NN,577
track28,1.88,2.18191,PLATE,2,NN,595
track28,2.52745,2.9128,NAME,4,NN,405
track28,3.36702,3.67452,RABBIT,16,NN,635
track28,6.43,7.08056,UPSTAIRS,1,NNS,NA
track28,7.6,7.84855,FEAR,3,NN,326
track28,9.41658,9.63617,ANN,2,NN,NA
track28,10.78645,11.07021,HOUSE,15,NN,608
track28,11.99209,12.3,FAN,10,NN,557
track28,12.41923,12.9461,GLOVES,10,NNS,NA
track28,14.13634,14.48147,ALICE,198,NN,NA
track28,15.93,16.40735,MESSAGES,2,NNS,NA
track28,16.6883,17.08537,RABBIT,16,NN,635
track28,17.26294,17.35118,I,256,NN,483
track28,18.8962,19.32297,MESSAGES,2,NNS,NA
track28,21.06588,21.31032,SORT,9,NN,NA
track28,21.43265,21.67931,THING,29,NN,350
track28,22.86373,23.18359,ALICE,198,NN,NA
track28,26.08308,26.38871,MINUTE,13,NN,361
track28,27.56155,27.82937,WATCH,7,NN,487
track28,28.02326,28.29,MOUSE,42,NN,624
track28,28.29,28.52473,HOLE,4,NN,485
track28,28.76397,29.0576,DINAH,11,NN,NA
track28,30.40212,30.71252,MOUSE,42,NN,624
track28,31.79167,31.90999,I,256,NN,483
track28,32.71378,33.03929,ALICE,198,NN,NA
track28,34.31406,34.65958,DINAH,11,NN,NA
track28,35.14266,35.53629,HOUSE,15,NN,608
track28,36.66101,36.94537,PEOPLE,7,NNS,540
track28,38.13845,38.44888,TIME,39,NN,343
track28,39.06914,39.34388,WAY,38,NN,265
track28,40.28067,40.66649,ROOM,11,NN,566
track28,41.48129,41.92825,WINDOW,2,NN,609
track28,43.6,44.01456,FAN,10,NN,557
track28,44.7006,45.10813,PAIRS,1,NNS,NA
track28,45.83631,46.04445,KID,5,NN,536
track28,46.04445,46.52758,GLOVES,10,NNS,NA
track28,47.27911,47.65823,FAN,10,NN,557
track28,47.86816,48.12798,PAIR,5,NN,377
track28,48.29302,48.68241,GLOVES,10,NNS,NA
track28,50.05,50.42682,ROOM,11,NN,566
track28,50.83506,51.24371,EYE,3,NN,634
track28,52.17084,52.56097,BOTTLE,9,NN,591
track28,53.8418,54.23473,GLASS,6,NN,635
track28,54.91991,55.24,LABEL,2,NN,NA
track28,55.46857,55.81912,TIME,39,NN,343
track28,56.09105,56.41265,WORDS,12,NNS,NA
track28,59.56058,59.96815,LIPS,1,NNS,NA
track29,0.07607,0.19,I,256,NN,483
track29,0.37482,0.8335,SOMETHING,10,NN,NA
track29,3.77,3.92,I,256,NN,483
track29,4.51694,4.94,ANYTHING,11,NN,NA
track29,6.39372,6.73899,BOTTLE,9,NN,591
track29,7.38093,7.48,I,256,NN,483
track29,12.17268,12.58675,THING,29,NN,350
track29,17.02747,17.25,HALF,12,NN,389
track29,17.35588,17.77,BOTTLE,9,NN,591
track29,18.62,18.86,HEAD,19,NN,603
track29,19.71481,20.15,CEILING,1,NN,606
track29,21.56212,21.82123,NECK,6,NN,587
track29,23.84963,24.2226,BOTTLE,9,NN,591
track29,26.4973,26.55,I,256,NN,483
track29,26.7532,26.85997,I,256,NN,483
track29,28.6501,28.75312,I,256,NN,483
track29,29.58,30.04,DOOR,22,NN,606
track29,30.28084,30.35857,I,256,NN,483
track29,30.75,30.86,I,256,NN,483
track29,38.11,38.52,FLOOR,1,NN,559
track29,39.07102,39.42284,MINUTE,13,NN,361
track29,40.3,40.55,ROOM,11,NN,566
track29,41.84,42.27215,EFFECT,3,NN,295
track29,43.45479,43.89,ELBOW,1,NN,607
track29,44.27541,44.63,DOOR,22,NN,606
track29,45.29599,45.61534,ARM,4,NN,592
track29,45.92778,46.15,ROUND,20,NN,438
track29,46.26,46.62,HEAD,19,NN,603
track29,48.89371,49.36,RESOURCE,1,NN,NA
track29,50.11717,50.36,ARM,4,NN,592
track29,50.73,51.24,WINDOW,2,NN,609
track29,51.71,51.92543,FOOT,6,NN,558
track29,52.26258,52.71,CHIMNEY,1,NN,NA
track29,54.15,54.27303,I,256,NN,483
track29,58.21765,58.67337,ALICE,198,NN,NA
track29,59.5,59.85893,BOTTLE,9,NN,591
track29,60.85144,61.21,EFFECT,3,NN,295
track30,0.76482,1.27203,PLEASANTER,1,NN,NA
track30,1.38127,1.78023,HOME,5,NN,539
track30,1.78023,2.01731,THOUGHT,40,NN,274
track30,2.22482,2.64199,ALICE,198,NN,NA
track30,6.56176,6.93223,MICE,4,NN,NA
track30,7.01391,7.47773,RABBITS,1,NNS,NA
track30,7.70133,7.75,I,256,NN,483
track30,8.3687,8.44737,I,256,NN,483
track30,9.49,9.74329,RABBIT,16,NN,635
track30,9.74329,10.08913,HOLE,4,NN,485
track30,12.03,12.21917,SORT,9,NN,NA
track30,12.32,12.69884,LIFE,6,NN,361
track30,12.75714,12.8293,I,256,NN,483
track30,15.04722,15.14,I,256,NN,483
track30,16.00219,16.4237,TALES,1,NNS,NA
track30,16.57948,16.6802,I,256,NN,483
track30,17.28503,17.53303,KIND,4,NN,323
track30,17.62574,17.83,THING,29,NN,350
track30,19.25,19.33,I,256,NN,483
track30,21.3,21.65946,BOOK,5,NN,609
track30,23.45523,23.58802,I,256,NN,483
track30,27.22853,27.55984,TONE,20,NN,NA
track30,28.46,28.67268,ROOM,11,NN,566
track30,30.7911,31.02793,THOUGHT,40,NN,274
track30,31.02793,31.40747,ALICE,198,NN,NA
track30,31.79,31.86559,I,256,NN,483
track30,33.03,33.13,I,256,NN,483
track30,34.46143,34.91466,COMFORT,1,NN,402
track30,35.15223,35.43067,WAY,38,NN,265
track30,36.25701,36.66876,WOMAN,1,NN,580
track30,38.02388,38.47169,LESSONS,7,NNS,NA
track30,39.49,39.63968,I,256,NN,483
track30,42.15842,42.62343,ALICE,198,NN,NA
track30,44.7078,45.07261,LESSONS,7,NNS,NA
track30,46.51,46.77,ROOM,11,NN,566
track30,47.7,47.92386,ROOM,11,NN,566
track30,48.68472,49.06989,LESSONS,7,NNS,NA
track30,49.06989,49.51534,BOOKS,1,NNS,NA
track30,51.68578,52.07748,SIDE,8,NN,394
track30,54.05191,54.77803,CONVERSATION,7,NN,NA
track30,56.55524,57.04,MINUTES,7,NNS,NA
track30,57.56,57.87046,VOICE,10,NN,485
track31,1.37712,1.95,TIPTOE,1,NN,NA
track31,2.94649,3.17,EDGE,2,NN,465
track31,3.38422,3.94,MUSHROOM,6,NN,NA
track31,4.34126,4.71088,EYES,14,NNS,NA
track31,6.66397,7.2322,CATERPILLAR,25,NN,586
track31,8.34935,8.65,TOP,4,NN,435
track31,9.02001,9.35,ARMS,4,NNS,NA
track31,11.25031,11.71,HOOKAH,5,NN,NA
track31,14.24288,14.56985,ANYTHING,11,NN,NA
track31,15.31428,15.96934,CATERPILLAR,25,NN,586
track31,16.17,16.65865,ALICE,198,NN,NA
track31,17.99,18.31,TIME,39,NN,343
track31,18.43867,19.02302,SILENCE,6,NN,352
track31,19.98783,20.55554,CATERPILLAR,25,NN,586
track31,20.94335,21.35582,HOOKAH,5,NN,NA
track31,21.80073,22.1,MOUTH,5,NN,568
track31,23.26,23.85221,LANGUID,1,NN,NA
track31,24.27,24.78,VOICE,10,NN,485
track31,27.34036,27.94,CATERPILLAR,25,NN,586
track31,30.20329,30.96862,CONVERSATION,7,NN,NA
track31,31.20454,31.4861,ALICE,198,NN,NA
track31,33.11877,33.24192,I,256,NN,483
track31,35.90807,36.01867,I,256,NN,483
track31,36.33814,36.52516,I,256,NN,483
track31,37.16789,37.26446,I,256,NN,483
track31,37.75644,38.18929,MORNING,4,NN,515
track31,38.59231,38.7,I,256,NN,483
track31,38.93618,39.01485,I,256,NN,483
track31,40.56,40.96399,TIMES,4,NNS,NA
track31,44.15443,44.76,CATERPILLAR,25,NN,586
track31,46.98888,47.15365,I,256,NN,483
track31,49.97,50.36,ALICE,198,NN,NA
track31,52.31299,52.53264,I,256,NN,483
track31,53.92179,54.45,CATERPILLAR,25,NN,586
track31,55.14717,55.24692,I,256,NN,483
track31,56.65669,56.94205,ALICE,198,NN,NA
track31,58.58393,58.65663,I,256,NN,483
track32,1.02889,1.51681,SIZES,1,NNS,NA
track32,1.69584,2.11024,DAY,11,NN,477
track32,4.80459,5.31,CATERPILLAR,25,NN,586
track32,8.09292,8.49375,ALICE,198,NN,NA
track32,10.04346,10.67217,CHRYSALIS,1,NN,NA
track32,11.44702,11.68,DAY,11,NN,477
track32,13.49,14.14071,BUTTERFLY,1,NN,593
track32,14.324,14.47887,I,256,NN,483
track32,17.42617,17.87329,BIT,11,NN,392
track32,18.42478,18.98334,CATERPILLAR,25,NN,586
track32,20.26179,20.70999,FEELINGS,2,NNS,NA
track32,21.69401,22.09493,ALICE,198,NN,NA
track32,22.52314,22.66591,I,256,NN,483
track32,26.4223,26.98315,CATERPILLAR,25,NN,586
track32,32.39209,33.22138,CONVERSATION,7,NN,NA
track32,33.38283,33.73873,ALICE,198,NN,NA
track32,37.42556,37.85569,REMARKS,3,NNS,NA
track32,40.67962,40.83903,I,256,NN,483
track32,45.12127,45.7723,CATERPILLAR,25,NN,586
track32,47.21042,47.68986,QUESTION,12,NN,387
track32,48.19894,48.59158,ALICE,198,NN,NA
track32,49.86709,50.32872,REASON,2,NN,332
track32,50.96831,51.51611,CATERPILLAR,25,NN,586
track32,53.4629,53.74988,STATE,1,NN,440
track32,53.84567,54.25644,MIND,9,NN,333
track32,56.31548,56.88621,CATERPILLAR,25,NN,586
track33,0.39256,0.99184,SOMETHING,10,NN,NA
track33,2.78,3.34,PROMISING,1,NN,NA
track33,4.01641,4.36951,ALICE,198,NN,NA
track33,6.93,7.68,TEMPER,3,NN,353
track33,8.20175,8.79,CATERPILLAR,25,NN,586
track33,9.9,10.26694,ALICE,198,NN,NA
track33,11.11,11.53,ANGER,1,NN,315
track33,13.49121,14.03,CATERPILLAR,25,NN,586
track33,14.15938,14.46,ALICE,198,NN,NA
track33,14.46,14.7,THOUGHT,40,NN,274
track33,16.56,16.94,NOTHING,19,NN,NA
track33,19.89837,20.34,SOMETHING,10,NN,NA
track33,20.67,21.04,HEARING,3,NN,NA
track33,21.57,21.95,MINUTES,7,NNS,NA
track33,25.35679,25.82138,ARMS,4,NNS,NA
track33,26.28922,26.69,HOOKAH,5,NN,NA
track33,27.1052,27.36685,MOUTH,5,NN,568
track33,32.15,32.33,I,256,NN,483
track33,33.6,33.88,ALICE,198,NN,NA
track33,33.88172,33.99838,I,256,NN,483
track33,34.88,35.23208,THINGS,19,NNS,NA
track33,35.41217,35.52015,I,256,NN,483
track33,36.39,36.5,I,256,NN,483
track33,37.41531,37.85819,SIZE,8,NN,354
track33,38.22,38.57,MINUTES,7,NNS,NA
track33,40.60633,41.14111,THINGS,19,NNS,NA
track33,41.52353,42.07,CATERPILLAR,25,NN,586
track33,44.66,45.04,BEE,1,NN,597
track33,47.03792,47.35754,ALICE,198,NN,NA
track33,48.86,49.23,VOICE,10,NN,485
track33,51.46,51.83,FATHER,2,NN,594
track33,53.03226,53.62,CATERPILLAR,25,NN,586
track33,53.82602,54.16292,ALICE,198,NN,NA
track33,54.67,55.12655,HANDS,6,NNS,NA
track33,56.59,56.94344,FATHER,2,NN,594
track33,57.79,58.06,MAN,1,NN,618
track33,58.95,59.3,HAIR,5,NN,583
track34,2.14573,2.66923,CATERPILLAR,25,NN,586
track34,5.83914,6.13,WORDS,12,NNS,NA
track34,9.24536,9.76,END,8,NN,320
track34,10.22514,10.76,CATERPILLAR,25,NN,586
track34,12.13964,12.76,SILENCE,6,NN,352
track34,13.17916,13.64,MINUTES,7,NNS,NA
track34,13.91611,14.50084,CATERPILLAR,25,NN,586
track34,15.9969,16.87,SIZE,8,NN,354
track34,20.43812,21.06018,SIZE,8,NN,354
track34,21.14155,21.47247,ALICE,198,NN,NA
track34,25.65343,25.89,I,256,NN,483
track34,27.44359,28.05,CATERPILLAR,25,NN,586
track34,28.19004,28.51011,ALICE,198,NN,NA
track34,28.75,29.26,NOTHING,19,NN,NA
track34,31.83,32.09,LIFE,6,NN,361
track34,34.24214,34.66393,TEMPER,3,NN,353
track34,36.87001,37.47,CATERPILLAR,25,NN,586
track34,37.88,38.01,I,256,NN,483
track34,40.36367,40.87007,MIND,9,NN,333
track34,41.09113,41.5,ALICE,198,NN,NA
track34,41.87,42.30244,INCHES,6,NNS,NA
track34,43.24826,43.45712,HEIGHT,3,NN,376
track34,45.52,46.03109,HEIGHT,3,NN,376
track34,47.5894,48.25802,CATERPILLAR,25,NN,586
track34,52.2,52.49,INCHES,6,NNS,NA
track34,54.89854,55.25,ALICE,198,NN,NA
track34,55.87044,56.3,TONE,20,NN,NA
track34,56.67656,56.92,THOUGHT,40,NN,274
track34,57.58879,57.71105,I,256,NN,483
track34,58.09351,58.59,CREATURES,3,NNS,NA
track35,1.5,2.26,TIME,39,NN,343
track35,2.6048,3.24,CATERPILLAR,25,NN,586
track35,4.11,4.51095,HOOKAH,5,NN,NA
track35,5.03469,5.44868,MOUTH,5,NN,568
track35,7.21067,7.66623,TIME,39,NN,343
track35,7.74383,8.08077,ALICE,198,NN,NA
track35,10.97537,11.29022,MINUTE,13,NN,361
track35,11.87818,12.42,CATERPILLAR,25,NN,586
track35,12.8,13.21494,HOOKAH,5,NN,NA
track35,13.64,14.03135,MOUTH,5,NN,568
track35,17.5284,18.09815,MUSHROOM,6,NN,NA
track35,19.2021,19.74413,GRASS,1,NN,599
track35,21.84,22.32,SIDE,8,NN,394
track35,24.81,25.22,SIDE,8,NN,394
track35,27.36,27.60554,SIDE,8,NN,394
track35,28.51,28.75,SIDE,8,NN,394
track35,29.19,29.38733,THOUGHT,40,NN,274
track35,29.38733,29.71097,ALICE,198,NN,NA
track35,30.91,31.95302,MUSHROOM,6,NN,NA
track35,32.39924,32.98,CATERPILLAR,25,NN,586
track35,35.77573,36.21,MOMENT,14,NN,301
track35,37.39,37.70191,ALICE,198,NN,NA
track35,39.35,39.78,MUSHROOM,6,NN,NA
track35,40.03,40.38346,MINUTE,13,NN,361
track35,42.21002,42.58355,SIDES,3,NNS,NA
track35,43.98072,44.50612,ROUND,20,NN,438
track35,46.15,46.63514,QUESTION,12,NN,387
track35,48.64,48.94249,ARMS,4,NNS,NA
track35,48.94249,49.25,ROUND,20,NN,438
track35,51.40001,51.58,BIT,11,NN,392
track35,51.89961,52.25,EDGE,2,NN,465
track35,52.64,53.04,HAND,8,NN,604
track35,56.87,57.17,HAND,8,NN,604
track35,57.17,57.39,BIT,11,NN,392
track35,57.87332,58.26709,EFFECT,3,NN,295
track36,0.33,0.66819,MOMENT,14,NN,301
track36,1.63032,1.93738,BLOW,1,NN,NA
track36,2.4661,2.87271,CHIN,3,NN,592
track36,3.22,3.51,STRUCK,2,NN,NA
track36,3.63145,3.94894,FOOT,6,NN,558
track36,4.62828,4.84,DEAL,7,NN,342
track36,6.38547,6.89527,CHANGE,5,NN,NA
track36,8.33565,8.61916,TIME,39,NN,343
track36,13.84886,14.08225,BIT,11,NN,392
track36,14.32605,14.59,CHIN,3,NN,592
track36,16.15687,16.46809,FOOT,6,NN,558
track36,17.35534,17.60284,ROOM,11,NN,566
track36,18.09335,18.53312,MOUTH,5,NN,568
track36,20.86611,21.27404,MORSEL,1,NN,NA
track36,21.52801,21.99776,LEFTHAND,2,NN,NA
track36,21.99776,22.25726,BIT,11,NN,392
track36,24.33615,24.69446,ALICE,198,NN,NA
track36,24.84407,25.1,TONE,20,NN,NA
track36,25.19926,25.58128,DELIGHT,2,NN,282
track36,26.68012,27.12709,ALARM,2,NN,NA
track36,27.5026,27.97,MOMENT,14,NN,301
track36,29.14061,29.66349,SHOULDERS,3,NNS,NA
track36,33.80135,34.10585,LENGTH,1,NN,365
track36,34.20374,34.53712,NECK,6,NN,587
track36,35.7614,36.18488,STALK,1,NN,474
track36,36.54412,36.81227,SEA,3,NN,596
track36,37.31935,37.81065,LEAVES,4,NNS,NA
track36,40.24,40.5226,STUFF,1,NN,NA
track36,41.02498,41.41613,ALICE,198,NN,NA
track36,42.0669,42.47877,SHOULDERS,3,NNS,NA
track36,43.81003,44.34196,HANDS,6,NNS,NA
track36,44.73,44.84671,I,256,NN,483
track36,48.26,48.62,RESULT,1,NN,318
track36,50.1962,50.61604,SHAKING,2,NN,NA
track36,51.6758,52.16433,LEAVES,4,NNS,NA
track36,53.32436,53.70022,CHANCE,1,NN,254
track36,54.23,54.67277,HANDS,6,NNS,NA
track36,55.16,55.53953,HEAD,19,NN,603
track36,56.59,57.03663,HEAD,19,NN,603
track36,59.35339,59.64244,NECK,6,NN,587
track36,59.87978,60.0964,BEND,2,NN,NA
track36,61.1831,61.68654,DIRECTION,5,NN,336
track37,3.23588,3.98012,ZIGZAG,1,NN,NA
track37,5.46283,5.94689,LEAVES,4,NNS,NA
track37,6.93,7.38699,NOTHING,19,NN,NA
track37,7.69581,8.07,TOPS,1,NNS,NA
track37,8.29,8.81,TREES,4,NNS,NA
track37,11.04,11.32,HISS,1,NN,NA
track37,12.30207,12.65844,HURRY,5,NN,NA
track37,13.05703,13.4,PIGEON,12,NN,609
track37,14.18927,14.6504,FACE,8,NN,599
track37,16.41057,16.84461,WINGS,1,NNS,NA
track37,18.41,18.79091,PIGEON,12,NN,609
track37,20.32915,20.67616,ALICE,198,NN,NA
track37,23.07,23.2,I,256,NN,483
track37,24.72569,25.13688,PIGEON,12,NN,609
track37,26.4,26.74,TONE,20,NN,NA
track37,27.67,27.92,KIND,4,NN,323
track37,28.05,28.67233,SOB,1,NN,425
track37,29.66,29.93,WAY,38,NN,265
track37,30.05248,30.54609,NOTHING,19,NN,NA
track37,31.73627,31.81278,I,256,NN,483
track37,32.68,33.02,IDEA,9,NN,259
track37,34.39914,34.83352,ALICE,198,NN,NA
track37,35.47482,35.74,ROOTS,1,NNS,NA
track37,35.85,36.39,TREES,4,NNS,NA
track37,37.1,37.51,BANKS,1,NNS,NA
track37,38.46,38.99,HEDGES,1,NNS,NA
track37,39.14835,39.47,PIGEON,12,NN,609
track37,41.9,42.63,SERPENTS,3,NNS,NA
track37,44.2449,44.62992,ALICE,198,NN,NA
track37,46.37,46.64363,THOUGHT,40,NN,274
track37,47.19648,47.51089,USE,11,NN,NA
track37,48,48.35457,ANYTHING,11,NN,NA
track37,49.09153,49.42,PIGEON,12,NN,609
track37,50.84358,51.24834,TROUBLE,3,NN,310
track37,52.13,52.61,EGGS,5,NNS,NA
track37,52.96518,53.33,PIGEON,12,NN,609
track37,53.52,53.63,I,256,NN,483
track37,54.94415,55.51589,SERPENTS,3,NNS,NA
track37,55.51589,55.87219,NIGHT,4,NN,496
track37,56.07924,56.55,DAY,11,NN,477
track37,56.85642,57.03412,I,256,NN,483
track37,58.9,59.42,WEEKS,1,NNS,NA
track38,2.10126,2.51616,ALICE,198,NN,NA
track38,3.57107,3.99276,MEANING,3,NN,NA
track38,5.88032,6.08,TREE,4,NN,604
track38,6.28,6.59014,WOOD,5,NN,606
track38,7.23,7.69183,PIGEON,12,NN,609
track38,8.15385,8.47376,VOICE,10,NN,485
track38,8.67992,9.03,SHRIEK,1,NN,481
track38,9.81464,10.0115,I,256,NN,483
track38,10.6439,10.88124,I,256,NN,483
track38,14.53862,15.19496,SKY,4,NN,542
track38,18.33215,18.48593,I,256,NN,483
track38,19.16241,19.56172,ALICE,198,NN,NA
track38,22.73124,23.15852,PIGEON,12,NN,609
track38,23.3251,23.42587,I,256,NN,483
track38,24.7101,25.26,SOMETHING,10,NN,NA
track38,25.40265,25.66,I,256,NN,483
track38,26.49934,27.14971,GIRL,4,NN,607
track38,27.45887,27.91372,ALICE,198,NN,NA
track38,29.79619,30.19,NUMBER,2,NN,395
track38,30.31342,30.8026,CHANGES,2,NNS,NA
track38,31.97965,32.33,DAY,11,NN,477
track38,33.11,33.59,STORY,6,NN,427
track38,34.56331,34.93824,PIGEON,12,NN,609
track38,35.13,35.52559,TONE,20,NN,NA
track38,36.26549,36.77,CONTEMPT,1,NN,NA
track38,38.47,38.9698,GIRLS,2,NNS,NA
track38,39.33509,39.7913,TIME,39,NN,343
track38,41.3,41.67034,NECK,6,NN,587
track38,45.32354,45.55374,USE,11,NN,NA
track38,46.44104,46.54,I,256,NN,483
track38,49.07545,49.44209,EGG,1,NN,613
track38,49.62038,49.74567,I,256,NN,483
track38,50.5,50.7441,EGGS,5,NNS,NA
track38,51.5972,51.99,ALICE,198,NN,NA
track38,53.33677,53.76926,CHILD,6,NN,581
track38,54.58701,54.91335,GIRLS,2,NNS,NA
track38,55.06402,55.42572,EGGS,5,NNS,NA
track38,56.26507,56.79023,SERPENTS,3,NNS,NA
track38,57.56852,57.68906,I,256,NN,483
track38,58.64,59.01,PIGEON,12,NN,609
track39,2.18835,2.49,KIND,4,NN,323
track39,3.62,3.79,I,256,NN,483
track39,5.22047,5.63,IDEA,9,NN,259
track39,7.74,8.04907,MINUTE,13,NN,361
track39,9.02,9.41,PIGEON,12,NN,609
track39,9.52,10.15448,OPPORTUNITY,5,NN,306
track39,11.5205,11.96614,EGGS,5,NNS,NA
track39,12.10678,12.19359,I,256,NN,483
track39,13.79088,14.11,MATTER,5,NN,439
track39,15.38383,15.84265,GIRL,4,NN,607
track39,17.7839,18,DEAL,7,NN,342
track39,18.71,19.05037,ALICE,198,NN,NA
track39,20.76427,21.08384,EGGS,5,NNS,NA
track39,22.42027,22.53947,I,256,NN,483
track39,22.92891,23.12413,I,256,NN,483
track39,23.60091,24.23,YOURS,1,NNS,NA
track39,24.38448,24.44943,I,256,NN,483
track39,26.96,27.35222,PIGEON,12,NN,609
track39,27.57203,27.96888,SULKY,2,NN,NA
track39,27.96888,28.33951,TONE,20,NN,NA
track39,30.81705,31.12186,ALICE,198,NN,NA
track39,32.04,32.49373,TREES,4,NNS,NA
track39,33.80999,34.03737,NECK,6,NN,587
track39,35.55,36.1,BRANCHES,1,NNS,NA
track39,39.54,39.92,WHILE,12,NN,204
track39,41.49,41.9162,PIECES,3,NNS,NA
track39,42.07136,42.52,MUSHROOM,6,NN,NA
track39,42.75993,43.16028,HANDS,6,NNS,NA
track39,53.41,53.73165,HEIGHT,3,NN,376
track39,55.48612,55.9142,ANYTHING,11,NN,NA
track39,56.51156,56.98091,SIZE,8,NN,354
track39,57.89516,58.27311,STRANGE,2,NN,NA
track39,60.28502,60.68281,MINUTES,7,NNS,NA
track40,3.24055,3.45156,HALF,12,NN,389
track40,3.57728,3.89401,PLAN,1,NN,357
track40,5.55,5.97842,CHANGES,2,NNS,NA
track40,8.21,8.47913,MINUTE,13,NN,361
track40,10.47861,11.01,SIZE,8,NN,354
track40,11.3466,11.54243,THING,29,NN,350
track40,12.93828,13.35172,GARDEN,8,NN,NA
track40,14.56,14.69294,I,256,NN,483
track40,17.89082,18.27926,PLACE,5,NN,NA
track40,18.86355,19.21091,HOUSE,15,NN,608
track40,20.08,20.3166,FEET,13,NNS,642
track40,21.95,22.25352,THOUGHT,40,NN,274
track40,22.25352,22.61701,ALICE,198,NN,NA
track40,24.47949,25.04199,SIZE,8,NN,354
track40,25.28298,25.41514,I,256,NN,483
track40,26.33874,26.86982,WITS,1,NNS,NA
track40,28.51955,29.10384,RIGHTHAND,1,NN,NA
track40,29.10384,29.3,BIT,11,NN,392
track40,30.42635,30.82932,VENTURE,2,NN,NA
track40,31.44504,31.86,HOUSE,15,NN,608
track40,34.11907,34.50673,INCHES,6,NNS,NA
track40,35.18612,35.45,MINUTE,13,NN,361
track40,36.9664,37.43223,HOUSE,15,NN,608
track40,39.79044,40.29,FOOTMAN,13,NN,NA
track40,40.43114,40.87441,LIVERY,3,NN,NA
track40,41.77811,42.09321,WOOD,5,NN,606
track40,43.30692,43.82836,FOOTMAN,13,NN,NA
track40,44.78,45.196,LIVERY,3,NN,NA
track40,45.73355,46.05348,JUDGING,1,NN,NA
track40,46.44598,46.74496,FACE,8,NN,599
track40,48.25949,48.67455,FISH,4,NN,597
track40,49.94951,50.23844,DOOR,22,NN,606
track40,50.63979,51.1056,KNUCKLES,1,NNS,NA
track40,52.44747,52.85364,FOOTMAN,13,NN,NA
track40,53.02288,53.47,LIVERY,3,NN,NA
track40,53.8812,54.14633,ROUND,20,NN,438
track40,54.14633,54.60491,FACE,8,NN,599
track40,55.0933,55.54624,EYES,14,NNS,NA
track40,55.72837,56.12005,FROG,3,NN,619
track40,56.71366,57.17545,FOOTMEN,1,NNS,NA
track40,57.17545,57.51,ALICE,198,NN,NA
track40,58.4754,58.94684,HAIR,5,NN,583
track40,60.0234,60.46583,HEADS,4,NNS,NA
track41,3.40444,3.67375,WAY,38,NN,265
track41,4.02185,4.26231,WOOD,5,NN,606
track41,4.90674,5.25,FISH,4,NN,597
track41,5.25,5.77867,FOOTMAN,13,NN,NA
track41,7.45991,7.79,ARM,4,NN,592
track41,8.24221,8.60351,LETTER,1,NN,577
track41,12.7754,13.12907,SOLEMN,3,NN,NA
track41,13.12907,13.51,TONE,20,NN,NA
track41,13.96,14.71902,DUCHESS,17,NN,568
track41,14.89,15.64,INVITATION,2,NN,439
track41,16.03774,16.42,QUEEN,6,NN,537
track41,16.84729,17.52,CROQUET,5,NN,559
track41,17.71211,18.05677,FROG,3,NN,619
track41,18.05677,18.51,FOOTMAN,13,NN,NA
track41,19.65534,20.04809,SOLEMN,3,NN,NA
track41,20.04809,20.39932,TONE,20,NN,NA
track41,21.28,21.62277,ORDER,1,NN,344
track41,21.8985,22.18385,WORDS,12,NNS,NA
track41,22.86905,23.51,QUEEN,6,NN,537
track41,23.69,24.54,INVITATION,2,NN,439
track41,24.95587,25.43,DUCHESS,17,NN,568
track41,25.87,26.56,CROQUET,5,NN,559
track41,28.38546,28.76218,CURLS,1,NNS,NA
track41,29.94716,30.29,ALICE,198,NN,NA
track41,32.95445,33.41,WOOD,5,NN,606
track41,33.52,33.8163,FEAR,3,NN,326
track41,34.22,34.56,HEARING,3,NN,NA
track41,36.52603,36.81,FISH,4,NN,597
track41,36.81,37.23,FOOTMAN,13,NN,NA
track41,38.99,39.43706,GROUND,1,NN,558
track41,39.69,40.02379,DOOR,22,NN,606
track41,41.74,42.11343,SKY,4,NN,542
track41,42.26733,42.6168,ALICE,198,NN,NA
track41,43.7,44.15697,DOOR,22,NN,606
track41,45.25986,45.54136,USE,11,NN,NA
track41,46.66,47.11,FOOTMAN,13,NN,NA
track41,47.98,48.73081,REASONS,1,NNS,NA
track41,50.61,50.93,SIDE,8,NN,394
track41,51.15935,51.46,DOOR,22,NN,606
track41,54.04,54.46246,NOISE,3,NN,NA
track41,58.85,59.16155,NOISE,3,NN,NA
track42,0.60231,1.15,HOWLING,3,NN,NA
track42,3.49,4.01,CRASH,1,NN,NA
track42,4.46,4.77574,DISH,1,NN,NA
track42,5.94159,6.43,PIECES,3,NNS,NA
track42,6.62836,6.93627,PLEASE,11,NN,NA
track42,7.44,7.87,ALICE,198,NN,NA
track42,8.18,8.31,I,256,NN,483
track42,10.02,10.41,SENSE,1,NN,316
track42,11.4315,11.79,FOOTMAN,13,NN,NA
track42,14.47,14.76,DOOR,22,NN,606
track42,15.83,16.33,INSTANCE,2,NN,284
track42,18.57,18.71,I,256,NN,483
track42,21.33,21.71,SKY,4,NN,542
track42,21.97826,22.29,TIME,39,NN,343
track42,23.96036,24.28,ALICE,198,NN,NA
track42,24.28,24.51,THOUGHT,40,NN,274
track42,27.38895,27.7,HELP,4,NN,320
track42,29.08478,29.31,EYES,14,NNS,NA
track42,30.5,30.77,TOP,4,NN,435
track42,31.03,31.38,HEAD,19,NN,603
track42,32.3185,32.77,RATE,4,NN,308
track42,33.4,34.06,QUESTIONS,2,NNS,NA
track42,34.46,34.61,I,256,NN,483
track42,36.63,36.77,I,256,NN,483
track42,37.84,38.22,FOOTMAN,13,NN,NA
track42,39.2,39.87,TOMORROW,1,NN,NA
track42,40.56461,40.93283,MOMENT,14,NN,301
track42,40.99242,41.26,DOOR,22,NN,606
track42,41.43,41.79,HOUSE,15,NN,608
track42,42.79,43.09,PLATE,2,NN,595
track42,44.99,45.28,HEAD,19,NN,603
track42,47.61022,48.02242,PIECES,3,NNS,NA
track42,48.69,49.03733,TREES,4,NNS,NA
track42,50.25248,50.89,DAY,11,NN,477
track42,51.79,52.17947,FOOTMAN,13,NN,NA
track42,53.18,53.62,TONE,20,NN,NA
track42,54.55,54.82,NOTHING,19,NN,NA
track42,56.04,56.25,I,256,NN,483
track42,57.55,57.94449,ALICE,198,NN,NA
track42,58.39766,58.73,LOUDER,1,NN,NA
track42,58.73,59.14,TONE,20,NN,NA
track43,2.37,2.84,FOOTMAN,13,NN,NA
track43,3.74084,4.29,QUESTION,12,NN,387
track43,5.92,6.44,DOUBT,2,NN,NA
track43,6.73684,7.06324,ALICE,198,NN,NA
track43,10.96,11.15,WAY,38,NN,265
track43,11.44,11.89971,CREATURES,3,NNS,NA
track43,13.54126,14.12,CRAZY,1,NN,NA
track43,14.29435,14.69754,FOOTMAN,13,NN,NA
track43,16.00095,16.6543,OPPORTUNITY,5,NN,306
track43,17.58,18.12,REMARK,5,NN,368
track43,18.32,19.02,VARIATIONS,1,NNS,NA
track43,19.27703,19.44,I,256,NN,483
track43,22.27,22.76797,DAYS,3,NNS,NA
track43,23.01,23.55591,DAYS,3,NNS,NA
track43,24.09,24.36,I,256,NN,483
track43,25.07,25.49937,ALICE,198,NN,NA
track43,25.71493,26.37,ANYTHING,11,NN,NA
track43,27.61,28.14566,FOOTMAN,13,NN,NA
track43,29.89472,30.16,USE,11,NN,NA
track43,31.55145,31.8,ALICE,198,NN,NA
track43,34.51,34.91,DOOR,22,NN,606
track43,35.73,36.03,DOOR,22,NN,606
track43,37.11,37.62,KITCHEN,2,NN,NA
track43,38.31518,38.71,SMOKE,1,NN,541
track43,39.08,39.32,END,8,NN,320
track43,40.19,40.66,DUCHESS,17,NN,568
track43,41.9,42.36,STOOL,1,NN,592
track43,43.3,43.73,BABY,12,NN,589
track43,44.09,44.48,COOK,7,NN,502
track43,45.28,45.72,FIRE,4,NN,595
track43,46.52,47.02,CAULDRON,2,NN,NA
track43,48.12776,48.41,SOUP,4,NN,615
track43,49.46,49.72,PEPPER,2,NN,591
track43,50.04,50.38,SOUP,4,NN,615
track43,50.38,50.63,ALICE,198,NN,NA
track43,54.62,54.98,AIR,6,NN,518
track43,55.43,55.9,DUCHESS,17,NN,568
track43,57.24,57.6,BABY,12,NN,589
track43,58.53,58.94,HOWLING,3,NN,NA
track43,60.34,60.82,PAUSE,1,NN,306
track44,0.53905,0.8725,THINGS,19,NNS,NA
track44,1.06035,1.4637,KITCHEN,2,NN,NA
track44,2.80922,3.21195,COOK,7,NN,502
track44,3.99268,4.31685,CAT,26,NN,615
track44,5.25152,5.64189,HEARTH,1,NN,NA
track44,6.36259,6.53767,EAR,4,NN,640
track44,6.64779,6.97072,EAR,4,NN,640
track44,7.0499,7.40127,PLEASE,11,NN,NA
track44,8.53586,8.90396,ALICE,198,NN,NA
track44,11.68535,12.14314,MANNERS,1,NNS,NA
track44,13.82272,14.11597,CAT,26,NN,615
track44,14.11597,14.53664,GRINS,1,NNS,NA
track44,15.704,16.19457,CHESHIRE,4,NN,NA
track44,16.25396,16.62201,CAT,26,NN,615
track44,16.98,17.49862,DUCHESS,17,NN,568
track44,18.48609,19.04224,PIG,7,NN,614
track44,19.92318,20.17743,WORD,3,NN,NA
track44,21.18147,21.67081,VIOLENCE,1,NN,NA
track44,21.87003,22.23131,ALICE,198,NN,NA
track44,24.04637,24.44664,MOMENT,14,NN,301
track44,25.49,25.94126,BABY,12,NN,589
track44,27.32886,27.75819,COURAGE,1,NN,277
track44,28.82721,28.93609,I,256,NN,483
track44,29.54,29.81641,CHESHIRE,4,NN,NA
track44,29.81641,30.12881,CATS,13,NNS,NA
track44,31.14027,31.51208,FACT,4,NN,332
track44,31.67665,31.80718,I,256,NN,483
track44,32.37632,32.64853,CATS,13,NNS,NA
track44,35.00862,35.2839,EM,1,NN,NA
track44,35.87408,35.97617,I,256,NN,483
track44,37.33841,37.6,ALICE,198,NN,NA
track44,40.52375,41.31561,CONVERSATION,7,NN,NA
track44,42.90605,43.40962,DUCHESS,17,NN,568
track44,43.9534,44.43903,FACT,4,NN,332
track44,44.51821,44.84976,ALICE,198,NN,NA
track44,45.81846,46.08696,TONE,20,NN,NA
track44,46.44329,46.77736,REMARK,5,NN,368
track44,47.07,47.24318,THOUGHT,40,NN,274
track44,49.82723,50.46751,CONVERSATION,7,NN,NA
track44,50.56709,50.72545,WHILE,12,NN,204
track44,52.55043,52.82509,COOK,7,NN,502
track44,53.18081,53.57,CAULDRON,2,NN,NA
track44,53.67015,53.94112,SOUP,4,NN,615
track44,54.23437,54.64141,FIRE,4,NN,595
track44,56.45035,56.99413,EVERYTHING,5,NN,NA
track44,57.91466,58.37925,DUCHESS,17,NN,568
track44,58.65,59.02777,BABY,12,NN,589
track45,0.23975,0.58726,FIRE,4,NN,595
track45,0.58726,1.09672,IRONS,1,NNS,NA
track45,2.70897,3.09,SHOWER,1,NN,588
track45,3.3603,4.0452,SAUCEPANS,1,NNS,NA
track45,4.0452,4.43473,PLATES,1,NNS,NA
track45,4.6,5.01841,DISHES,1,NNS,NA
track45,5.25,5.66347,DUCHESS,17,NN,568
track45,8.7,8.97,BABY,12,NN,589
track45,9.14,9.70068,HOWLING,3,NN,NA
track45,12.57003,12.88,BLOWS,1,NNS,NA
track45,14.13046,14.59606,PLEASE,11,NN,NA
track45,14.59606,14.79863,MIND,9,NN,333
track45,16.01055,16.30606,ALICE,198,NN,NA
track45,17.71659,18.08,AGONY,1,NN,348
track45,18.17786,18.50514,TERROR,1,NN,326
track45,22.25982,22.92604,SAUCEPAN,1,NN,NA
track45,26.12,26.76,EVERYBODY,2,NN,NA
track45,27.59,28.27,BUSINESS,1,NN,389
track45,28.53,28.86,DUCHESS,17,NN,568
track45,29.34,29.65,HOARSE,3,NN,NA
track45,29.65,30.1,GROWL,2,NN,NA
track45,30.4,30.73,WORLD,5,NN,532
track45,31.06,31.41,ROUND,20,NN,438
track45,31.47,31.72883,DEAL,7,NN,342
track45,34.59,35.20672,ADVANTAGE,1,NN,282
track45,35.48528,35.81495,ALICE,198,NN,NA
track45,37.09584,37.82,OPPORTUNITY,5,NN,306
track45,39.04,39.5,KNOWLEDGE,3,NN,278
track45,41.7437,42.05,DAY,11,NN,477
track45,42.20612,42.58,NIGHT,4,NN,496
track45,43.44215,43.68,EARTH,3,NN,580
track45,44.57,44.98394,HOURS,2,NNS,NA
track45,45.4,45.70734,ROUND,20,NN,438
track45,46.00053,46.51,AXIS,1,NN,NA
track45,47.34,48.08,AXES,1,NNS,NA
track45,48.45,48.9,DUCHESS,17,NN,568
track45,48.97,49.24,CHOP,1,NN,555
track45,49.66,50.14,HEAD,19,NN,603
track45,50.27,50.64,ALICE,198,NN,NA
track45,52.24574,52.53,COOK,7,NN,502
track45,53.86,54.13,HINT,2,NN,312
track45,54.6,54.93074,COOK,7,NN,502
track45,56.57,56.93,SOUP,4,NN,615
track46,0.65,1.09976,HOURS,2,NNS,NA
track46,1.09976,1.28483,I,256,NN,483
track46,2.90135,3.15129,I,256,NN,483
track46,5.71961,6.17013,DUCHESS,17,NN,568
track46,6.40608,6.53,I,256,NN,483
track46,7.78277,8.40186,FIGURES,1,NNS,NA
track46,10.09,10.4371,CHILD,6,NN,581
track46,11.42,11.63,SORT,9,NN,NA
track46,11.77,12.28454,LULLABY,1,NN,NA
track46,14.70404,15.08718,SHAKE,1,NN,NA
track46,15.35,15.532,END,8,NN,320
track46,16.07,16.47,LINE,1,NN,477
track46,18.14,18.39061,BOY,2,NN,609
track46,18.92448,19.22893,BEAT,3,NN,361
track46,24.47724,24.88064,CHORUS,3,NN,NA
track46,25.37758,25.70841,COOK,7,NN,502
track46,25.96,26.23,BABY,12,NN,589
track46,27.09109,27.46099,WOW,6,NN,NA
track46,27.46099,27.86852,WOW,6,NN,NA
track46,27.86852,28.36,WOW,6,NN,NA
track46,28.54763,28.77,WHILE,12,NN,204
track46,28.85,29.29194,DUCHESS,17,NN,568
track46,30.06,30.33689,VERSE,2,NN,500
track46,30.57581,31.05,SONG,2,NN,514
track46,31.94,32.26,BABY,12,NN,589
track46,34.7,34.98,THING,29,NN,350
track46,35.99,36.28,ALICE,198,NN,NA
track46,37.07527,37.47,WORDS,12,NNS,NA
track46,37.93723,38.08,I,256,NN,483
track46,39.41,39.98053,BOY,2,NN,609
track46,39.98053,40.12,I,256,NN,483
track46,40.12,40.36348,BEAT,3,NN,361
track46,44.1,44.66802,PEPPER,2,NN,591
track46,46.22535,46.6,WOW,6,NN,NA
track46,46.6,47.04,WOW,6,NN,NA
track46,47.04,47.57,WOW,6,NN,NA
track46,49.06,49.32078,BIT,11,NN,392
track46,50.3,50.71596,DUCHESS,17,NN,568
track46,51.09206,51.49,ALICE,198,NN,NA
track46,52.07931,52.42,BABY,12,NN,589
track46,53.53,53.66,I,256,NN,483
track46,55.06,55.53,CROQUET,5,NN,559
track46,55.76497,56.38,QUEEN,6,NN,537
track46,57.52,57.87796,ROOM,11,NN,566
track46,58.02638,58.27,COOK,7,NN,502
track46,58.66,59.04,FRYING,1,NN,NA
track46,59.04,59.31051,PAN,1,NN,586
track47,1.27427,1.61334,ALICE,198,NN,NA
track47,2.01,2.33,BABY,12,NN,589
track47,2.85684,3.50868,DIFFICULTY,1,NN,NA
track47,4.98005,5.50794,CREATURE,3,NN,541
track47,6.40777,6.66891,ARMS,4,NNS,NA
track47,6.76,7.0666,LEGS,2,NN,NA
track47,7.3,7.93559,DIRECTIONS,2,NNS,NA
track47,8.60715,8.96,STAR,1,NN,574
track47,8.96,9.29099,FISH,4,NN,597
track47,9.29099,9.5,THOUGHT,40,NN,274
track47,9.5,9.88169,ALICE,198,NN,NA
track47,10.66,10.97,THING,29,NN,350
track47,11.85,12.21,STEAM,1,NN,552
track47,12.21,12.55,ENGINE,1,NN,586
track47,18.29484,18.53,MINUTE,13,NN,361
track47,23.3272,23.59,WAY,38,NN,265
track47,26.02853,26.3431,KNOT,2,NN,NA
track47,28.07,28.32,EAR,4,NN,640
track47,28.7,28.93188,FOOT,6,NN,558
track47,32.89,33.23224,AIR,6,NN,518
track47,33.43954,33.54,I,256,NN,483
track47,34.10444,34.39,CHILD,6,NN,581
track47,35.06039,35.35,THOUGHT,40,NN,274
track47,35.35,35.68155,ALICE,198,NN,NA
track47,36.74356,37.02,DAY,11,NN,477
track47,40.36289,40.66,WORDS,12,NNS,NA
track47,41.84,42.11132,THING,29,NN,350
track47,42.72,43.18,REPLY,2,NN,NA
track47,44.87377,45.24,TIME,39,NN,343
track47,46.22,46.5803,ALICE,198,NN,NA
track47,47.85868,48.05875,WAY,38,NN,265
track47,49.33351,49.59,BABY,12,NN,589
track47,50.79,51.19701,ALICE,198,NN,NA
track47,52.64,52.98,FACE,8,NN,599
track47,53.9,54.19874,MATTER,5,NN,439
track47,55.32,55.68184,DOUBT,2,NN,NA
track47,58.27,58.66,SNOUT,1,NN,NA
track48,0.47701,0.85124,EYES,14,NNS,NA
track48,2.4,2.84205,BABY,12,NN,589
track48,3.5653,3.87,ALICE,198,NN,NA
track48,5.09386,5.31038,THING,29,NN,350
track48,7.61225,7.96896,THOUGHT,40,NN,274
track48,8.79048,9.07817,EYES,14,NNS,NA
track48,10.4,10.99,TEARS,8,NNS,NA
track48,11.88,12.36,TEARS,8,NNS,NA
track48,13.68,14.02354,PIG,7,NN,614
track48,14.73838,15.04049,ALICE,198,NN,NA
track48,15.96149,16.23,NOTHING,19,NN,NA
track48,17.03,17.36107,MIND,9,NN,333
track48,18.32057,18.59,THING,29,NN,350
track48,22.83,23.12987,WHILE,12,NN,204
track48,23.25378,23.9,SILENCE,6,NN,352
track48,23.9,24.27,ALICE,198,NN,NA
track48,26.47,26.61,I,256,NN,483
track48,27.25,27.66125,CREATURE,3,NN,541
track48,27.80346,27.88,I,256,NN,483
track48,28.21,28.6,HOME,5,NN,539
track48,31.92706,32.25873,FACE,8,NN,599
track48,32.63,33.11411,ALARM,2,NN,NA
track48,33.27557,33.58,TIME,39,NN,343
track48,34.27,34.69017,MISTAKE,2,NN,NA
track48,37.25,37.62,PIG,7,NN,614
track48,42.02,42.37,CREATURE,3,NN,541
track48,45.84543,46.20762,WOOD,5,NN,606
track48,49.6,50.18,CHILD,6,NN,581
track48,51.41,51.76,PIG,7,NN,614
track48,51.76,51.85,I,256,NN,483
track48,53.99,54.41,CHILDREN,5,NNS,582
track48,56.03,56.44248,PIGS,1,NNS,NA
track48,58.44,58.52,I,256,NN,483
track48,59.06,59.23,WAY,38,NN,265
track48,59.34,59.81452,CHANGE,5,NN,NA
track49,1.97,2.34719,CHESHIRE,4,NN,NA
track49,2.34719,2.74468,CAT,26,NN,615
track49,3.5356,3.83,BOUGH,1,NN,NA
track49,4.03112,4.3577,TREE,4,NN,604
track49,4.65904,4.9111,YARDS,1,NNS,NA
track49,5.49453,5.76126,CAT,26,NN,615
track49,6.91,7.34293,ALICE,198,NN,NA
track49,8.71594,9.12826,THOUGHT,40,NN,274
track49,10.44,10.86608,CLAWS,2,NN,NA
track49,11.52,11.85765,TEETH,1,NNS,618
track49,13.8,14.21,RESPECT,1,NN,280
track49,14.39498,14.80521,CHESHIRE,4,NN,NA
track49,14.80521,15.34,PUSS,1,NN,NA
track49,18.80978,19.16,NAME,4,NN,405
track49,21,21.44198,WIDER,1,NN,NA
track49,22.89204,23.11,THOUGHT,40,NN,274
track49,23.11,23.49,ALICE,198,NN,NA
track49,25.09,25.49,PLEASE,11,NN,NA
track49,25.70041,25.82,WAY,38,NN,265
track49,25.82,25.98,I,256,NN,483
track49,28.33,28.72,DEAL,7,NN,342
track49,30.76878,31.15,CAT,26,NN,615
track49,31.15,31.23,I,256,NN,483
track49,32.64812,33.06,ALICE,198,NN,NA
track49,33.78942,34.48,MATTER,5,NN,439
track49,34.74489,34.87,WAY,38,NN,265
track49,36.07731,36.3758,CAT,26,NN,615
track49,37.03186,37.13,I,256,NN,483
track49,38.24192,38.55255,ALICE,198,NN,NA
track49,39.19,39.93,EXPLANATION,1,NN,308
track49,42.09945,42.44441,CAT,26,NN,615
track49,44.47316,44.82,ALICE,198,NN,NA
track49,47.57,48.08,QUESTION,12,NN,387
track49,48.34,48.50687,SORT,9,NN,NA
track49,48.6,48.97,PEOPLE,7,NNS,540
track49,50.36,51.32062,DIRECTION,5,NN,336
track49,51.43373,51.68865,CAT,26,NN,615
track49,52.75,52.99,PAW,2,NN,NA
track49,52.99,53.49,ROUND,20,NN,438
track49,53.99,54.63,HATTER,29,NN,NA
track49,55.47455,56.15103,DIRECTION,5,NN,336
track49,56.91188,57.27,PAW,2,NN,NA
track49,58.12741,58.5,MARCH,24,NN,440
track49,58.5,59.28757,HARE,23,NN,615
track50,0.05209,0.35608,VISIT,1,NN,NA
track50,1.96239,2.55,MAD,13,NN,NA
track50,2.89,3.01,I,256,NN,483
track50,3.96,4.43,MAD,13,NN,NA
track50,4.43,4.87,PEOPLE,7,NNS,540
track50,4.87,5.23,ALICE,198,NN,NA
track50,6.76,7.09226,HELP,4,NN,320
track50,8.74556,9.11,CAT,26,NN,615
track50,10.06,10.50061,MAD,13,NN,NA
track50,11.43,11.92561,MAD,13,NN,NA
track50,12.66,13.41,MAD,13,NN,NA
track50,14.45,14.88,MAD,13,NN,NA
track50,15.09,15.62059,ALICE,198,NN,NA
track50,16.96,17.36,CAT,26,NN,615
track50,19.71789,20.07508,ALICE,198,NN,NA
track50,24.16249,24.5642,MAD,13,NN,NA
track50,26.07654,26.4046,CAT,26,NN,615
track50,27.6355,28.15,MAD,13,NN,NA
track50,29.02901,29.13,I,256,NN,483
track50,30.1,30.5101,ALICE,198,NN,NA
track50,31.82134,32.01,CAT,26,NN,615
track50,33.27,33.63,DOG,2,NN,610
track50,33.63,34.31,GROWLS,1,NN,NA
track50,36.2382,36.67,TAIL,7,NN,613
track50,38.72,39.19,I,256,NN,483
track50,39.19,39.83,GROWL,2,NN,NA
track50,41.64,42.14,TAIL,7,NN,613
track50,44.81,45.32,MAD,13,NN,NA
track50,45.45342,45.62,I,256,NN,483
track50,47.62,48.07185,ALICE,198,NN,NA
track50,49.8564,50.2,CAT,26,NN,615
track50,50.92565,51.45,CROQUET,5,NN,559
track50,51.76,52.21089,QUEEN,6,NN,537
track50,52.21089,52.83,TODAY,3,NN,NA
track50,53.0139,53.12916,I,256,NN,483
track50,54.36,54.71503,ALICE,198,NN,NA
track50,54.84,54.94049,I,256,NN,483
track50,58.09889,58.47,CAT,26,NN,615
track51,0.21802,0.60049,ALICE,198,NN,NA
track51,3.81442,4.14,THINGS,19,NNS,NA
track51,4.83593,4.99942,WHILE,12,NN,204
track51,5.84118,6.18724,PLACE,5,NN,NA
track51,8.74601,9.31,BYE,1,NN,NA
track51,10.4,11.06366,BABY,12,NN,589
track51,11.4593,11.731,CAT,26,NN,615
track51,14.54313,15.01253,PIG,7,NN,614
track51,15.11452,15.39242,ALICE,198,NN,NA
track51,17.97,18.25,WAY,38,NN,265
track51,18.5612,18.65213,I,256,NN,483
track51,18.65213,18.90118,THOUGHT,40,NN,274
track51,19.74801,20.04853,CAT,26,NN,615
track51,21.01348,21.35928,ALICE,198,NN,NA
track51,22.11188,22.36535,HALF,12,NN,389
track51,25.54236,25.82,MINUTE,13,NN,361
track51,27.22,27.80007,DIRECTION,5,NN,336
track51,28.25813,28.54,MARCH,24,NN,440
track51,28.54,28.74,HARE,23,NN,615
track51,30.23,30.62824,HATTERS,1,NNS,NA
track51,32.11449,32.3854,MARCH,24,NN,440
track51,32.3854,32.55,HARE,23,NN,615
track51,36.80022,37.16148,MAD,13,NN,NA
track51,38.17669,38.46828,MAD,13,NN,NA
track51,39.15036,39.58,MARCH,24,NN,440
track51,41.56496,41.83307,CAT,26,NN,615
track51,42.8,43.08437,BRANCH,1,NN,583
track51,43.19518,43.57698,TREE,4,NN,604
track51,43.68263,43.7057,UH,3,NN,NA
track51,44.40653,45.14052,PIG,7,NN,614
track51,45.4265,46.35218,FIG,1,NN,NA
track51,46.79534,47.1706,CAT,26,NN,615
track51,47.1706,47.41826,I,256,NN,483
track51,47.72495,48.31046,PIG,7,NN,614
track51,48.68,49.07081,ALICE,198,NN,NA
track51,49.21723,49.33,I,256,NN,483
track51,54.87611,55.23217,CAT,26,NN,615
track51,55.68482,56,TIME,39,NN,343
track51,58.27635,58.54416,END,8,NN,320
track51,58.78688,59.19,TAIL,7,NN,613
track52,1.17723,1.4503,CAT,26,NN,615
track52,2.33847,2.56,THOUGHT,40,NN,274
track52,2.56,2.91117,ALICE,198,NN,NA
track52,3.86553,4.31,CAT,26,NN,615
track52,5.5445,5.73,THING,29,NN,350
track52,5.73,5.83,I,256,NN,483
track52,6.81,7.24323,LIFE,6,NN,361
track52,10.1,10.5,HOUSE,15,NN,608
track52,10.75235,11.01956,MARCH,24,NN,440
track52,11.01956,11.36,HARE,23,NN,615
track52,11.68422,11.88,THOUGHT,40,NN,274
track52,12.75,13.16,HOUSE,15,NN,608
track52,13.65,14.16,CHIMNEYS,1,NNS,NA
track52,14.81871,15.18,EARS,3,NNS,NA
track52,15.73099,15.98882,ROOF,3,NN,586
track52,16.75,17.05865,FUR,3,NN,601
track52,17.99,18.34759,HOUSE,15,NN,608
track52,19.45,19.85,NEARER,2,NN,NA
track52,21.38,21.91,LEFTHAND,2,NN,NA
track52,21.91,22.09,BIT,11,NN,392
track52,22.22079,22.66,MUSHROOM,6,NN,NA
track52,24.45974,24.67,FEET,13,NNS,642
track52,26.40965,26.78585,TOWARDS,1,NNS,NA
track52,30.01,30.26,MAD,13,NN,NA
track52,31.09525,31.20073,I,256,NN,483
track52,32.51,32.98,HATTER,29,NN,NA
track52,35.34,35.72,TREE,4,NN,604
track52,35.83,36.061,FRONT,1,NN,424
track52,36.27,36.72,HOUSE,15,NN,608
track52,37.24,37.56,MARCH,24,NN,440
track52,37.56,37.94,HARE,23,NN,615
track52,38.19,38.51,HATTER,29,NN,NA
track52,39.01,39.35,TEA,9,NN,609
track52,40.08,40.68,DORMOUSE,17,NN,NA
track52,44.17045,44.68,CUSHION,1,NN,NA
track52,45.17,45.58974,ELBOWS,1,NNS,NA
track52,47.02,47.32,HEAD,19,NN,603
track52,48.89801,49.4639,DORMOUSE,17,NN,NA
track52,49.5014,49.69,THOUGHT,40,NN,274
track52,49.7,50.11,ALICE,198,NN,NA
track52,51.52,51.55,I,256,NN,483
track52,52.4,52.86,MIND,9,NN,333
track52,57.11,57.52,CORNER,3,NN,533
track52,58,58.52766,ROOM,11,NN,566
track52,58.72,59.14153,ROOM,11,NN,566
track53,0.23,0.73,PLENTY,2,NN,NA
track53,0.87,1.23,ROOM,11,NN,566
track53,1.46,1.81371,ALICE,198,NN,NA
track53,4.02,4.34,ARM,4,NN,592
track53,4.34,4.64,CHAIR,1,NN,606
track53,4.97511,5.18386,END,8,NN,320
track53,7.39,7.72,MARCH,24,NN,440
track53,7.72,7.91,HARE,23,NN,615
track53,9.03,9.37,TONE,20,NN,NA
track53,9.55638,9.93,ALICE,198,NN,NA
track53,10.37,10.58,ROUND,20,NN,438
track53,11.66817,12.04,NOTHING,19,NN,NA
track53,12.54,13.01,TEA,9,NN,609
track53,13.14803,13.24,I,256,NN,483
track53,16.50291,16.8,MARCH,24,NN,440
track53,16.8,17.04,HARE,23,NN,615
track53,19.76,20.09,ALICE,198,NN,NA
track53,24.55763,24.86,MARCH,24,NN,440
track53,24.86,25.12,HARE,23,NN,615
track53,25.2973,25.58782,I,256,NN,483
track53,27.47713,27.85,ALICE,198,NN,NA
track53,30.486,30.93623,HAIR,5,NN,583
track53,31.27517,31.86,CUTTING,1,NN,NA
track53,32.16,32.51,HATTER,29,NN,NA
track53,33.6865,34.01,ALICE,198,NN,NA
track53,34.35,34.7,TIME,39,NN,343
track53,35.09975,35.9,CURIOSITY,3,NN,303
track53,37.48,37.84,SPEECH,3,NN,453
track53,39.61,40.24628,REMARKS,3,NNS,NA
track53,40.30331,40.59276,ALICE,198,NN,NA
track53,41.13225,41.60318,SEVERITY,1,NN,NA
track53,43.1,43.5,HATTER,29,NN,NA
track53,44.00262,44.36523,EYES,14,NNS,NA
track53,45.4,45.72,HEARING,3,NN,NA
track53,48.32477,48.86493,RAVEN,1,NN,NA
track53,49.23,49.65,WRITING,2,NN,467
track53,49.65,50.19,DESK,1,NN,583
track53,51.44017,51.67,FUN,1,NN,295
track53,52.01383,52.2,THOUGHT,40,NN,274
track53,52.2,52.54107,ALICE,198,NN,NA
track53,53.94,54.34082,RIDDLES,2,NNS,NA
track53,54.46025,54.57,I,256,NN,483
track53,54.85,54.98,I,256,NN,483
track53,60.01254,60.32,MARCH,24,NN,440
track53,60.32,60.63,HARE,23,NN,615
track54,2.02986,2.31,MARCH,24,NN,440
track54,2.31,2.48879,HARE,23,NN,615
track54,3.01194,3.11,I,256,NN,483
track54,3.62755,3.96,ALICE,198,NN,NA
track54,5.82,5.93269,I,256,NN,483
track54,6.35,6.52,I,256,NN,483
track54,7.71,7.96,THING,29,NN,350
track54,9.3,9.61462,THING,29,NN,350
track54,9.66,9.9703,BIT,11,NN,392
track54,10.36,10.67,HATTER,29,NN,NA
track54,12.66,12.88,I,256,NN,483
track54,13.35,13.51,I,256,NN,483
track54,14.66,14.92,THING,29,NN,350
track54,15.08,15.36383,I,256,NN,483
track54,15.89,16.04,I,256,NN,483
track54,18.58,18.89,MARCH,24,NN,440
track54,18.89,19.13,HARE,23,NN,615
track54,19.54317,19.72,I,256,NN,483
track54,20.20815,20.40709,I,256,NN,483
track54,21.31539,21.55,THING,29,NN,350
track54,21.76301,21.98,I,256,NN,483
track54,22.48,22.60422,I,256,NN,483
track54,25.65,26.36,DORMOUSE,17,NN,NA
track54,28.52,28.69656,I,256,NN,483
track54,29.24,29.41,I,256,NN,483
track54,30.68,30.99,THING,29,NN,350
track54,31.49768,31.8,I,256,NN,483
track54,32.4,32.54,I,256,NN,483
track54,34.21641,34.45,THING,29,NN,350
track54,35.25,35.6,HATTER,29,NN,NA
track54,36.52,37.32,CONVERSATION,7,NN,NA
track54,38.14,38.6,PARTY,6,NN,496
track54,39.53,39.94,MINUTE,13,NN,361
track54,40.04902,40.29,WHILE,12,NN,204
track54,40.29,40.70971,ALICE,198,NN,NA
track54,40.70971,40.94,THOUGHT,40,NN,274
track54,42.55,42.98,RAVENS,1,NNS,NA
track54,43.12,43.41,WRITING,2,NN,467
track54,43.41,43.77,DESKS,1,NNS,NA
track54,44.95,45.29,HATTER,29,NN,NA
track54,46.43,46.97,SILENCE,6,NN,352
track54,47.4,47.58,DAY,11,NN,477
track54,47.76,48.12,MONTH,3,NN,345
track54,49.56,50.00939,ALICE,198,NN,NA
track54,50.97,51.26,WATCH,7,NN,487
track54,51.61,52.14,POCKET,5,NN,578
track54,53.85,54.23,SHAKING,2,NN,NA
track54,56.24228,56.57,EAR,4,NN,640
track54,56.73,57.05,ALICE,198,NN,NA
track55,0.35,0.79891,DAYS,3,NNS,NA
track55,1.72,2.04,HATTER,29,NN,NA
track55,2.31129,2.44,I,256,NN,483
track55,3.03,3.28,BUTTER,4,NN,618
track55,4.06315,4.56,WORKS,1,NNS,NA
track55,6.22,6.53897,MARCH,24,NN,440
track55,6.53897,6.86,HARE,23,NN,615
track55,8.15906,8.7126,BUTTER,4,NN,618
track55,8.98989,9.31,MARCH,24,NN,440
track55,9.31,9.51,HARE,23,NN,615
track55,11.11,11.63108,CRUMBS,1,NNS,NA
track55,13.03675,13.33,HATTER,29,NN,NA
track55,15.74,16.23529,KNIFE,2,NN,612
track55,16.43768,16.76,MARCH,24,NN,440
track55,16.76,17.03,HARE,23,NN,615
track55,17.34701,17.69,WATCH,7,NN,487
track55,20.36,20.60715,CUP,2,NN,539
track55,20.69,21.16,TEA,9,NN,609
track55,23.05,23.39,NOTHING,19,NN,NA
track55,24.84568,25.22,REMARK,5,NN,368
track55,26.54,26.9,BUTTER,4,NN,618
track55,27.53263,27.87,ALICE,198,NN,NA
track55,28.94463,29.28,SHOULDER,1,NN,589
track55,29.83698,30.63,CURIOSITY,3,NN,303
track55,31.47608,31.97,WATCH,7,NN,487
track55,33.5323,33.75,DAY,11,NN,477
track55,33.93016,34.46128,MONTH,3,NN,345
track55,37.52,37.86,HATTER,29,NN,NA
track55,38.44,38.71,WATCH,7,NN,487
track55,39.24,39.71808,YEAR,2,NN,364
track55,40.45075,40.75547,COURSE,10,NN,389
track55,41.05,41.39,ALICE,198,NN,NA
track55,44.21,44.43,YEAR,2,NN,364
track55,45.15,45.41,TIME,39,NN,343
track55,46.8,47.18,CASE,3,NN,548
track55,47.32611,47.92,MINE,3,NN,452
track55,48.21,48.6,HATTER,29,NN,NA
track55,48.68768,49.06,ALICE,198,NN,NA
track55,50.97093,51.43,REMARK,5,NN,368
track55,52.28858,52.65,MEANING,3,NN,NA
track55,54.47647,54.56,I,256,NN,483
track55,57.67,58.29402,DORMOUSE,17,NN,NA
track55,59.58,59.98,HATTER,29,NN,NA
track56,0.16,0.76192,DORMOUSE,17,NN,NA
track56,1.21234,1.4068,HEAD,19,NN,603
track56,3.55,4.0233,EYES,14,NNS,NA
track56,4.39,4.91663,COURSE,10,NN,389
track56,5.07277,5.63,COURSE,10,NN,389
track56,5.82645,6.04,UH,3,NN,NA
track56,6.47,6.73,I,256,NN,483
track56,7.30721,7.71,REMARK,5,NN,368
track56,9.08192,9.36,RIDDLE,1,NN,404
track56,9.93,10.24152,HATTER,29,NN,NA
track56,10.99468,11.34,ALICE,198,NN,NA
track56,12.26,12.35,I,256,NN,483
track56,12.85282,13.19,ALICE,198,NN,NA
track56,14.75641,14.85,I,256,NN,483
track56,15.68,16.13659,IDEA,9,NN,259
track56,16.44183,16.81,HATTER,29,NN,NA
track56,17.25,17.68,I,256,NN,483
track56,18.05,18.32,MARCH,24,NN,440
track56,18.32,18.62,HARE,23,NN,615
track56,18.86662,19.23767,ALICE,198,NN,NA
track56,20.41687,20.52799,I,256,NN,483
track56,21.34016,21.77074,SOMETHING,10,NN,NA
track56,22.3,22.83169,TIME,39,NN,343
track56,23.55235,23.82716,WASTE,1,NN,430
track56,24.47667,24.82093,RIDDLES,2,NNS,NA
track56,25.2,25.79066,ANSWERS,1,NNS,NA
track56,26.57,27.12369,TIME,39,NN,343
track56,27.58998,27.81,I,256,NN,483
track56,28.43,28.75,HATTER,29,NN,NA
track56,32.3631,32.45,I,256,NN,483
track56,33.75,34.22016,ALICE,198,NN,NA
track56,34.55,34.95768,COURSE,10,NN,389
track56,35.60416,35.92,HATTER,29,NN,NA
track56,36.73168,36.92118,HEAD,19,NN,603
track56,37.91845,38.02,I,256,NN,483
track56,39.44,39.93,TIME,39,NN,343
track56,41.08671,41.39625,ALICE,198,NN,NA
track56,42.7,42.82,I,256,NN,483
track56,43.07,43.18,I,256,NN,483
track56,43.55,43.83,BEAT,3,NN,361
track56,43.83,44.17,TIME,39,NN,343
track56,44.27,44.38,I,256,NN,483
track56,44.6,45.09,MUSIC,1,NN,512
track56,47.37,47.67,HATTER,29,NN,NA
track56,51.79,52.1,TERMS,1,NNS,NA
track56,53.54,54.05946,ANYTHING,11,NN,NA
track56,54.70698,55.05,CLOCK,2,NN,591
track56,55.31,55.85,INSTANCE,2,NN,284
track56,57.46,57.93,MORNING,4,NN,515
track56,58.23,58.5,TIME,39,NN,343
track56,58.93,59.4,LESSONS,7,NNS,NA
track57,1.34,1.60039,HINT,2,NN,312
track57,1.77071,2.22,TIME,39,NN,343
track57,2.51206,2.78139,ROUND,20,NN,438
track57,3.08066,3.40416,CLOCK,2,NN,591
track57,3.53,4.15,TWINKLING,1,NN,NA
track57,4.26183,4.45573,HALF,12,NN,389
track57,5.04,5.61,TIME,39,NN,343
track57,5.72235,6.04109,DINNER,2,NN,542
track57,6.16872,6.34,I,256,NN,483
track57,7.9,8.21,MARCH,24,NN,440
track57,8.21,8.4,HARE,23,NN,615
track57,11.5,11.91409,ALICE,198,NN,NA
track57,13.26877,13.38191,I,256,NN,483
track57,16.97,17.28,HATTER,29,NN,NA
track57,18.7019,18.95,HALF,12,NN,389
track57,21.34422,21.54,WAY,38,NN,265
track57,22.56189,22.87941,ALICE,198,NN,NA
track57,23.29,23.61,HATTER,29,NN,NA
track57,24.06469,24.32,HEAD,19,NN,603
track57,25.42562,25.9,I,256,NN,483
track57,27.61811,27.90157,MONTH,3,NN,345
track57,29.14,29.44,MAD,13,NN,NA
track57,30.88,31.08,TEA,9,NN,609
track57,31.08,31.39115,SPOON,1,NN,614
track57,31.58215,31.88,MARCH,24,NN,440
track57,31.88,32.19,HARE,23,NN,615
track57,33.31824,33.8,CONCERT,1,NN,252
track57,34.46321,34.8,QUEEN,6,NN,537
track57,34.9,35.30831,HEARTS,1,NNS,NA
track57,35.72762,35.92957,I,256,NN,483
track57,38.27,38.7,BAT,3,NN,564
track57,39.173,39.36765,I,256,NN,483
track57,41.21,41.55,SONG,2,NN,514
track57,42.68656,43.05,SOMETHING,10,NN,NA
track57,43.64208,44.07761,ALICE,198,NN,NA
track57,45.53054,45.84,HATTER,29,NN,NA
track57,47.03,47.35,WAY,38,NN,265
track57,48.36056,48.73405,WORLD,5,NN,532
track57,49.99,50.24,TEA,9,NN,609
track57,50.24,50.72,TRAY,1,NN,590
track57,50.98342,51.6,SKY,4,NN,542
track57,53.82,54.45,DORMOUSE,17,NN,NA
track58,2.00325,2.46302,VERSE,2,NN,500
track58,2.83,3.17,HATTER,29,NN,NA
track58,3.55,4.07665,QUEEN,6,NN,537
track58,6.56,7.21475,TIME,39,NN,343
track58,7.99634,8.4,HEAD,19,NN,603
track58,10.42,10.97865,ALICE,198,NN,NA
track58,12.47,12.75577,HATTER,29,NN,NA
track58,13.78172,14.13,TONE,20,NN,NA
track58,15.04796,15.52758,THING,29,NN,350
track58,15.52758,15.76,I,256,NN,483
track58,18.72,19.13595,IDEA,9,NN,259
track58,20.18,20.4821,HEAD,19,NN,603
track58,21.26346,21.68181,REASON,2,NN,332
track58,22.12,22.50176,TEA,9,NN,609
track58,22.50176,22.8476,THINGS,19,NNS,NA
track58,26.01,26.33,HATTER,29,NN,NA
track58,28.02,28.27,TEA,9,NN,609
track58,28.27,28.75092,TIME,39,NN,343
track58,29.29,29.66464,TIME,39,NN,343
track58,30.17764,30.49659,THINGS,19,NNS,NA
track58,30.90584,31.49,WHILES,1,NNS,NA
track58,32.49,32.82,ROUND,20,NN,438
track58,32.82,32.96305,I,256,NN,483
track58,33.87629,34.28,ALICE,198,NN,NA
track58,36.09137,36.4,HATTER,29,NN,NA
track58,37.00744,37.33215,THINGS,19,NNS,NA
track58,40.17133,40.49,ALICE,198,NN,NA
track58,43.10266,43.40195,CHANGE,5,NN,NA
track58,44.60532,44.91,MARCH,24,NN,440
track58,44.91,45.11,HARE,23,NN,615
track58,48.08123,48.21,I,256,NN,483
track58,48.87,49.26,LADY,1,NN,564
track58,49.82613,50.46,STORY,6,NN,427
track58,51.21,51.34,I,256,NN,483
track58,52.43,52.8539,ALICE,198,NN,NA
track58,53.66558,54.19534,PROPOSAL,1,NN,NA
track58,54.71233,55.48453,DORMOUSE,17,NN,NA
track58,56.97,57.2,WAKE,1,NN,NA
track58,57.4,58.05674,DORMOUSE,17,NN,NA
track58,59.41377,59.77319,SIDES,3,NNS,NA
track59,0.15988,0.64,DORMOUSE,17,NN,NA
track59,1.59489,2.03154,EYES,14,NNS,NA
track59,2.45013,2.61,I,256,NN,483
track59,4.39,4.8,HOARSE,3,NN,NA
track59,5.25,5.70495,VOICE,10,NN,485
track59,5.91756,6.07,I,256,NN,483
track59,6.59,7,WORD,3,NN,NA
track59,8.95789,9.66849,STORY,6,NN,427
track59,10.01047,10.32,MARCH,24,NN,440
track59,10.32,10.52,HARE,23,NN,615
track59,10.98,11.27,PLEASE,11,NN,NA
track59,11.96,12.37781,ALICE,198,NN,NA
track59,14.04938,14.4,HATTER,29,NN,NA
track59,17.39,17.84,TIME,39,NN,343
track59,18.69,19.33,SISTERS,2,NNS,NA
track59,19.66,20.11,DORMOUSE,17,NN,NA
track59,20.92,21.24,HURRY,5,NN,NA
track59,21.64,22.03362,NAMES,1,NNS,NA
track59,22.69167,23.21,LACIE,1,NN,NA
track59,23.53,23.98,TILLIE,1,NNS,NA
track59,24.85,25.23,BOTTOM,3,NN,NA
track59,27,27.41,ALICE,198,NN,NA
track59,28.47,28.95108,INTEREST,1,NN,305
track59,29.09395,29.59022,QUESTIONS,2,NNS,NA
track59,29.74546,30.08857,EATING,1,NN,NA
track59,30.22,30.74,DRINKING,1,NN,NA
track59,31.56,32.16,TREACLE,2,NN,NA
track59,32.66,33.25597,DORMOUSE,17,NN,NA
track59,33.97,34.24,MINUTE,13,NN,361
track59,36.33,36.64,ALICE,198,NN,NA
track59,38.25,38.6,ILL,5,NN,NA
track59,39.89037,40.37,DORMOUSE,17,NN,NA
track59,40.95,41.34,ILL,5,NN,NA
track59,41.58241,41.93339,ALICE,198,NN,NA
track59,42.74834,43.18976,FANCY,4,NN,NA
track59,45.31,45.59,WAY,38,NN,265
track59,45.74,46.11,LIVING,1,NN,NA
track59,51.02277,51.34,BOTTOM,3,NN,NA
track59,52.86,53.4,TEA,9,NN,609
track59,53.49,53.8,MARCH,24,NN,440
track59,53.8,53.93,HARE,23,NN,615
track59,54.36,54.68,ALICE,198,NN,NA
track59,56.16628,56.53077,NOTHING,19,NN,NA
track59,56.9,57.21,ALICE,198,NN,NA
track59,58.24579,58.29882,TONE,20,NN,NA
track59,58.95,59.03,I,256,NN,483
track60,0.02,0.45,NOBODY,3,NN,NA
track60,1.22,1.7,OPINION,1,NN,285
track60,1.98,2.39156,ALICE,198,NN,NA
track60,3.75,4.16374,REMARKS,3,NNS,NA
track60,4.85261,5.22,HATTER,29,NN,NA
track60,6.38116,6.8,ALICE,198,NN,NA
track60,10.08,10.49,TEA,9,NN,609
track60,10.97371,11.32,BUTTER,4,NN,618
track60,12.235,12.82,DORMOUSE,17,NN,NA
track60,13.49332,14,QUESTION,12,NN,387
track60,15.11244,15.43,BOTTOM,3,NN,NA
track60,16.32705,16.87339,DORMOUSE,17,NN,NA
track60,17.39,17.71,MINUTE,13,NN,361
track60,20.31,20.78,TREACLE,2,NN,NA
track60,22.31,22.74,THING,29,NN,350
track60,22.74,23.11,ALICE,198,NN,NA
track60,24.71,25.08,HATTER,29,NN,NA
track60,25.34366,25.67,MARCH,24,NN,440
track60,25.67,26.04,HARE,23,NN,615
track60,28.03182,28.63,DORMOUSE,17,NN,NA
track60,32.21296,32.75,STORY,6,NN,427
track60,33.79,34.07,PLEASE,11,NN,NA
track60,34.82,35.14624,ALICE,198,NN,NA
track60,36.1167,36.23,I,256,NN,483
track60,37.58612,37.71,I,256,NN,483
track60,40.81577,41.33093,DORMOUSE,17,NN,NA
track60,45.35,46.05,SISTERS,2,NNS,NA
track60,47.91211,48.05,I,256,NN,483
track60,48.67,49.11,CUP,2,NN,539
track60,49.84633,50.19,HATTER,29,NN,NA
track60,51.33,51.62025,PLACE,5,NN,NA
track60,53.85071,54.32707,DORMOUSE,17,NN,NA
track60,55.21,55.51618,MARCH,24,NN,440
track60,55.51618,55.71682,HARE,23,NN,615
track60,56.79748,57.28,PLACE,5,NN,NA
track60,57.42,57.94,ALICE,198,NN,NA
track60,59.25,59.6,PLACE,5,NN,NA
track60,59.84,60.15,MARCH,24,NN,440
track60,60.15,60.54,HARE,23,NN,615